MsgId  ,Size   ,• →               , → •              , ← •              ,• ←               
1      ,0      ,1482122592380141  ,1482122592419349  ,1482122592422028  ,1482122592430646  
2      ,0      ,1482122592380124  ,1482122592418970  ,1482122592421654  ,1482122592467189  
3      ,0      ,1482122592380257  ,1482122592420169  ,1482122592422417  ,1482122592466975  
4      ,0      ,1482122592380326  ,1482122592420330  ,1482122592423078  ,1482122592466982  
5      ,0      ,1482122592380220  ,1482122592418908  ,1482122592420820  ,1482122592430693  
6      ,0      ,1482122592381471  ,1482122592420556  ,1482122592424185  ,1482122592467251  
7      ,0      ,1482122592381355  ,1482122592420597  ,1482122592424569  ,1482122592467123  
8      ,0      ,1482122592381585  ,1482122592420788  ,1482122592424990  ,1482122592467195  
9      ,0      ,1482122592381606  ,1482122592421033  ,1482122592425398  ,1482122592467280  
10     ,0      ,1482122592381267  ,1482122592420523  ,1482122592423738  ,1482122592467047  
11     ,0      ,1482122592381775  ,1482122592428140  ,1482122592457443  ,1482122592492269  
12     ,0      ,1482122592381742  ,1482122592428428  ,1482122592457594  ,1482122592504795  
13     ,0      ,1482122592381847  ,1482122592428861  ,1482122592457960  ,1482122592505075  
14     ,0      ,1482122592381865  ,1482122592428637  ,1482122592457739  ,1482122592505027  
15     ,0      ,1482122592381676  ,1482122592429246  ,1482122592458210  ,1482122592505502  
16     ,0      ,1482122592422571  ,1482122592429036  ,1482122592458142  ,1482122592505255  
17     ,0      ,1482122592423244  ,1482122592441398  ,1482122592458329  ,1482122592505322  
18     ,0      ,1482122592424725  ,1482122592442460  ,1482122592465345  ,1482122592506881  
19     ,0      ,1482122592424178  ,1482122592442401  ,1482122592465253  ,1482122592505909  
20     ,0      ,1482122592425294  ,1482122592442562  ,1482122592465828  ,1482122592520948  
21     ,0      ,1482122592425226  ,1482122592442518  ,1482122592465714  ,1482122592520014  
22     ,0      ,1482122592425822  ,1482122592442606  ,1482122592466079  ,1482122592523330  
23     ,0      ,1482122592430717  ,1482122592442847  ,1482122592478485  ,1482122592569991  
24     ,0      ,1482122592427601  ,1482122592442596  ,1482122592466269  ,1482122592525573  
25     ,0      ,1482122592430655  ,1482122592442730  ,1482122592466971  ,1482122592544394  
26     ,0      ,1482122592430641  ,1482122592442673  ,1482122592466448  ,1482122592538595  
27     ,0      ,1482122592430750  ,1482122592442768  ,1482122592467684  ,1482122592569719  
28     ,0      ,1482122592431510  ,1482122592450522  ,1482122592478942  ,1482122592572247  
29     ,0      ,1482122592430760  ,1482122592442810  ,1482122592478407  ,1482122592569965  
30     ,0      ,1482122592431079  ,1482122592442940  ,1482122592478615  ,1482122592570133  
31     ,0      ,1482122592430894  ,1482122592442889  ,1482122592478557  ,1482122592570879  
32     ,0      ,1482122592431374  ,1482122592442988  ,1482122592478694  ,1482122592570676  
33     ,0      ,1482122592432000  ,1482122592450637  ,1482122592479152  ,1482122592572505  
34     ,0      ,1482122592431477  ,1482122592443041  ,1482122592478758  ,1482122592570901  
35     ,0      ,1482122592431641  ,1482122592450553  ,1482122592479004  ,1482122592572250  
36     ,0      ,1482122592431558  ,1482122592450509  ,1482122592478828  ,1482122592570944  
37     ,0      ,1482122592431757  ,1482122592450594  ,1482122592479102  ,1482122592572449  
38     ,0      ,1482122592432447  ,1482122592450933  ,1482122592487822  ,1482122592590786  
39     ,0      ,1482122592431888  ,1482122592450885  ,1482122592487757  ,1482122592590704  
40     ,0      ,1482122592432228  ,1482122592450777  ,1482122592486254  ,1482122592581072  
41     ,0      ,1482122592432171  ,1482122592450706  ,1482122592479229  ,1482122592574861  
42     ,0      ,1482122592432365  ,1482122592450827  ,1482122592486371  ,1482122592590803  
43     ,0      ,1482122592432803  ,1482122592451444  ,1482122592489842  ,1482122592581086  
44     ,0      ,1482122592432756  ,1482122592451393  ,1482122592489723  ,1482122592590372  
45     ,0      ,1482122592432574  ,1482122592451294  ,1482122592489424  ,1482122592590830  
46     ,0      ,1482122592432527  ,1482122592451248  ,1482122592489360  ,1482122592590762  
47     ,0      ,1482122592432691  ,1482122592451348  ,1482122592489644  ,1482122592590764  
48     ,0      ,1482122592433273  ,1482122592457784  ,1482122592496164  ,1482122592598148  
49     ,0      ,1482122592433232  ,1482122592457640  ,1482122592493116  ,1482122592596470  
50     ,0      ,1482122592433002  ,1482122592457319  ,1482122592490318  ,1482122592590830  
51     ,0      ,1482122592432951  ,1482122592451491  ,1482122592490006  ,1482122592590339  
52     ,0      ,1482122592433128  ,1482122592457505  ,1482122592490477  ,1482122592590934  
53     ,0      ,1482122592433718  ,1482122592458254  ,1482122592496979  ,1482122592599394  
54     ,0      ,1482122592433696  ,1482122592458051  ,1482122592496794  ,1482122592598255  
55     ,0      ,1482122592433481  ,1482122592457882  ,1482122592496446  ,1482122592598506  
56     ,0      ,1482122592433439  ,1482122592457833  ,1482122592496366  ,1482122592598324  
57     ,0      ,1482122592433595  ,1482122592458002  ,1482122592496722  ,1482122592598388  
58     ,0      ,1482122592435499  ,1482122592458576  ,1482122592502515  ,1482122592606465  
59     ,0      ,1482122592435463  ,1482122592458535  ,1482122592501868  ,1482122592605184  
60     ,0      ,1482122592435253  ,1482122592458453  ,1482122592501644  ,1482122592604375  
61     ,0      ,1482122592433867  ,1482122592458408  ,1482122592497222  ,1482122592599088  
62     ,0      ,1482122592435382  ,1482122592458494  ,1482122592501769  ,1482122592604742  
63     ,0      ,1482122592435891  ,1482122592462574  ,1482122592502897  ,1482122592606996  
64     ,0      ,1482122592435856  ,1482122592462539  ,1482122592502811  ,1482122592608980  
65     ,0      ,1482122592435660  ,1482122592458675  ,1482122592502649  ,1482122592608252  
66     ,0      ,1482122592435629  ,1482122592458625  ,1482122592502585  ,1482122592605724  
67     ,0      ,1482122592435773  ,1482122592462488  ,1482122592502749  ,1482122592606133  
68     ,0      ,1482122592436339  ,1482122592462735  ,1482122592503253  ,1482122592610277  
69     ,0      ,1482122592436298  ,1482122592462701  ,1482122592503207  ,1482122592609682  
70     ,0      ,1482122592436108  ,1482122592462636  ,1482122592503081  ,1482122592609402  
71     ,0      ,1482122592436020  ,1482122592462608  ,1482122592502991  ,1482122592608717  
72     ,0      ,1482122592436222  ,1482122592462669  ,1482122592503138  ,1482122592609425  
73     ,0      ,1482122592436733  ,1482122592462946  ,1482122592503491  ,1482122592610995  
74     ,0      ,1482122592436693  ,1482122592462885  ,1482122592503441  ,1482122592610952  
75     ,0      ,1482122592436506  ,1482122592462798  ,1482122592503354  ,1482122592611046  
76     ,0      ,1482122592436473  ,1482122592462768  ,1482122592503309  ,1482122592609553  
77     ,0      ,1482122592436614  ,1482122592462830  ,1482122592503398  ,1482122592610495  
78     ,0      ,1482122592437132  ,1482122592465170  ,1482122592505464  ,1482122592613217  
79     ,0      ,1482122592437091  ,1482122592465128  ,1482122592503794  ,1482122592611494  
80     ,0      ,1482122592436905  ,1482122592463031  ,1482122592503579  ,1482122592611303  
81     ,0      ,1482122592436873  ,1482122592462999  ,1482122592503536  ,1482122592611259  
82     ,0      ,1482122592437016  ,1482122592463099  ,1482122592503623  ,1482122592611474  
83     ,0      ,1482122592437522  ,1482122592465685  ,1482122592519197  ,1482122592653093  
84     ,0      ,1482122592437480  ,1482122592465377  ,1482122592518440  ,1482122592651450  
85     ,0      ,1482122592437295  ,1482122592465257  ,1482122592506364  ,1482122592642630  
86     ,0      ,1482122592437262  ,1482122592465186  ,1482122592505558  ,1482122592613249  
87     ,0      ,1482122592437403  ,1482122592465273  ,1482122592506468  ,1482122592650355  
88     ,0      ,1482122592437938  ,1482122592465603  ,1482122592518972  ,1482122592653828  
89     ,0      ,1482122592437903  ,1482122592465721  ,1482122592520198  ,1482122592664639  
90     ,0      ,1482122592437701  ,1482122592465549  ,1482122592518669  ,1482122592652171  
91     ,0      ,1482122592437671  ,1482122592465530  ,1482122592518604  ,1482122592651654  
92     ,0      ,1482122592437822  ,1482122592465560  ,1482122592518817  ,1482122592652811  
93     ,0      ,1482122592439524  ,1482122592465707  ,1482122592519268  ,1482122592654298  
94     ,0      ,1482122592439484  ,1482122592465658  ,1482122592519161  ,1482122592652046  
95     ,0      ,1482122592438103  ,1482122592465630  ,1482122592519023  ,1482122592653996  
96     ,0      ,1482122592438076  ,1482122592465616  ,1482122592518883  ,1482122592652046  
97     ,0      ,1482122592439409  ,1482122592465643  ,1482122592519115  ,1482122592652807  
98     ,0      ,1482122592439931  ,1482122592465946  ,1482122592522087  ,1482122592673641  
99     ,0      ,1482122592439877  ,1482122592465870  ,1482122592521536  ,1482122592665365  
100    ,0      ,1482122592439692  ,1482122592465769  ,1482122592520361  ,1482122592664607  
101    ,0      ,1482122592439660  ,1482122592465748  ,1482122592520299  ,1482122592664651  
102    ,0      ,1482122592439800  ,1482122592465952  ,1482122592522156  ,1482122592673624  
103    ,0      ,1482122592440326  ,1482122592465920  ,1482122592521944  ,1482122592673555  
104    ,0      ,1482122592440285  ,1482122592465912  ,1482122592521785  ,1482122592665405  
105    ,0      ,1482122592440101  ,1482122592465894  ,1482122592521621  ,1482122592664627  
106    ,0      ,1482122592440065  ,1482122592465886  ,1482122592521682  ,1482122592664647  
107    ,0      ,1482122592440210  ,1482122592465901  ,1482122592521873  ,1482122592665434  
108    ,0      ,1482122592440719  ,1482122592466101  ,1482122592522468  ,1482122592673622  
109    ,0      ,1482122592440678  ,1482122592466034  ,1482122592522307  ,1482122592674379  
110    ,0      ,1482122592440495  ,1482122592465933  ,1482122592522032  ,1482122592665434  
111    ,0      ,1482122592440459  ,1482122592465926  ,1482122592521994  ,1482122592665583  
112    ,0      ,1482122592440601  ,1482122592465965  ,1482122592522260  ,1482122592673576  
113    ,0      ,1482122592441153  ,1482122592466172  ,1482122592524964  ,1482122592680541  
114    ,0      ,1482122592441109  ,1482122592466159  ,1482122592524188  ,1482122592680541  
115    ,0      ,1482122592440918  ,1482122592466131  ,1482122592524019  ,1482122592680156  
116    ,0      ,1482122592440850  ,1482122592466113  ,1482122592522586  ,1482122592674767  
117    ,0      ,1482122592441035  ,1482122592466146  ,1482122592524113  ,1482122592679911  
118    ,0      ,1482122592441594  ,1482122592466587  ,1482122592530519  ,1482122592683489  
119    ,0      ,1482122592441538  ,1482122592466463  ,1482122592530040  ,1482122592682981  
120    ,0      ,1482122592441336  ,1482122592466274  ,1482122592525072  ,1482122592682376  
121    ,0      ,1482122592441290  ,1482122592466342  ,1482122592525144  ,1482122592680419  
122    ,0      ,1482122592441464  ,1482122592466369  ,1482122592527030  ,1482122592682925  
123    ,0      ,1482122592442091  ,1482122592466618  ,1482122592540085  ,1482122592695512  
124    ,0      ,1482122592442006  ,1482122592466572  ,1482122592530448  ,1482122592682986  
125    ,0      ,1482122592441807  ,1482122592466541  ,1482122592530584  ,1482122592683496  
126    ,0      ,1482122592441753  ,1482122592466521  ,1482122592530115  ,1482122592682774  
127    ,0      ,1482122592441945  ,1482122592467172  ,1482122592544255  ,1482122592739672  
128    ,0      ,1482122592443465  ,1482122592466662  ,1482122592538290  ,1482122592694491  
129    ,0      ,1482122592443406  ,1482122592466648  ,1482122592534518  ,1482122592687866  
130    ,0      ,1482122592442341  ,1482122592466622  ,1482122592534429  ,1482122592687825  
131    ,0      ,1482122592442157  ,1482122592466595  ,1482122592530827  ,1482122592683534  
132    ,0      ,1482122592460593  ,1482122592467222  ,1482122592544808  ,1482122592739832  
133    ,0      ,1482122592443813  ,1482122592466721  ,1482122592538754  ,1482122592694907  
134    ,0      ,1482122592443776  ,1482122592466723  ,1482122592539693  ,1482122592694574  
135    ,0      ,1482122592443638  ,1482122592466692  ,1482122592538435  ,1482122592694520  
136    ,0      ,1482122592443600  ,1482122592466676  ,1482122592538370  ,1482122592694501  
137    ,0      ,1482122592461059  ,1482122592467347  ,1482122592545289  ,1482122592740086  
138    ,0      ,1482122592444165  ,1482122592466850  ,1482122592541903  ,1482122592696593  
139    ,0      ,1482122592444126  ,1482122592466795  ,1482122592541850  ,1482122592697033  
140    ,0      ,1482122592443984  ,1482122592466774  ,1482122592541480  ,1482122592696474  
141    ,0      ,1482122592443946  ,1482122592466751  ,1482122592541391  ,1482122592695043  
142    ,0      ,1482122592462705  ,1482122592467421  ,1482122592545695  ,1482122592743027  
143    ,0      ,1482122592444507  ,1482122592466936  ,1482122592542620  ,1482122592699170  
144    ,0      ,1482122592444471  ,1482122592467043  ,1482122592543227  ,1482122592700057  
145    ,0      ,1482122592444337  ,1482122592466883  ,1482122592542133  ,1482122592696602  
146    ,0      ,1482122592444298  ,1482122592466863  ,1482122592542188  ,1482122592696838  
147    ,0      ,1482122592465429  ,1482122592467496  ,1482122592546143  ,1482122592743088  
148    ,0      ,1482122592444849  ,1482122592466995  ,1482122592542914  ,1482122592699170  
149    ,0      ,1482122592444811  ,1482122592466984  ,1482122592542847  ,1482122592698409  
150    ,0      ,1482122592444678  ,1482122592467336  ,1482122592545228  ,1482122592740048  
151    ,0      ,1482122592444640  ,1482122592466954  ,1482122592542746  ,1482122592696730  
152    ,0      ,1482122592466173  ,1482122592467549  ,1482122592546346  ,1482122592743065  
153    ,0      ,1482122592445211  ,1482122592467110  ,1482122592543717  ,1482122592705580  
154    ,0      ,1482122592445174  ,1482122592467074  ,1482122592543269  ,1482122592704088  
155    ,0      ,1482122592445020  ,1482122592467038  ,1482122592543006  ,1482122592700040  
156    ,0      ,1482122592444979  ,1482122592467008  ,1482122592543162  ,1482122592699507  
157    ,0      ,1482122592466555  ,1482122592491641  ,1482122592570746  ,1482122592743200  
158    ,0      ,1482122592445544  ,1482122592467235  ,1482122592544983  ,1482122592740061  
159    ,0      ,1482122592445510  ,1482122592467174  ,1482122592544461  ,1482122592739938  
160    ,0      ,1482122592445379  ,1482122592467153  ,1482122592544187  ,1482122592739450  
161    ,0      ,1482122592445344  ,1482122592467131  ,1482122592543951  ,1482122592739525  
162    ,0      ,1482122592490854  ,1482122592492835  ,1482122592571436  ,1482122592743291  
163    ,0      ,1482122592461191  ,1482122592467380  ,1482122592545385  ,1482122592740365  
164    ,0      ,1482122592460817  ,1482122592467246  ,1482122592545087  ,1482122592739881  
165    ,0      ,1482122592445711  ,1482122592467235  ,1482122592544916  ,1482122592739872  
166    ,0      ,1482122592445676  ,1482122592467199  ,1482122592544634  ,1482122592739590  
167    ,0      ,1482122592491265  ,1482122592493065  ,1482122592571832  ,1482122592743327  
168    ,0      ,1482122592462881  ,1482122592467447  ,1482122592545764  ,1482122592742669  
169    ,0      ,1482122592462384  ,1482122592467397  ,1482122592545449  ,1482122592740124  
170    ,0      ,1482122592461177  ,1482122592467365  ,1482122592545556  ,1482122592740276  
171    ,0      ,1482122592460928  ,1482122592467254  ,1482122592545144  ,1482122592739929  
172    ,0      ,1482122592491688  ,1482122592496213  ,1482122592572518  ,1482122592743425  
173    ,0      ,1482122592464596  ,1482122592467523  ,1482122592546278  ,1482122592743054  
174    ,0      ,1482122592462964  ,1482122592467454  ,1482122592545906  ,1482122592743029  
175    ,0      ,1482122592462836  ,1482122592467422  ,1482122592545840  ,1482122592743043  
176    ,0      ,1482122592462570  ,1482122592467399  ,1482122592545623  ,1482122592742685  
177    ,0      ,1482122592492026  ,1482122592505307  ,1482122592595317  ,1482122592743640  
178    ,0      ,1482122592466424  ,1482122592491600  ,1482122592570326  ,1482122592743118  
179    ,0      ,1482122592464743  ,1482122592467475  ,1482122592546214  ,1482122592743076  
180    ,0      ,1482122592463107  ,1482122592490738  ,1482122592569736  ,1482122592743100  
181    ,0      ,1482122592463016  ,1482122592467484  ,1482122592545995  ,1482122592743053  
182    ,0      ,1482122592493616  ,1482122592505363  ,1482122592595602  ,1482122592743779  
183    ,0      ,1482122592490680  ,1482122592491652  ,1482122592570814  ,1482122592743182  
184    ,0      ,1482122592465952  ,1482122592467509  ,1482122592546398  ,1482122592743101  
185    ,0      ,1482122592467303  ,1482122592491628  ,1482122592570578  ,1482122592743154  
186    ,0      ,1482122592466038  ,1482122592490730  ,1482122592569670  ,1482122592743143  
187    ,0      ,1482122592495676  ,1482122592505828  ,1482122592596802  ,1482122592743909  
188    ,0      ,1482122592490881  ,1482122592492851  ,1482122592571509  ,1482122592743246  
189    ,0      ,1482122592466356  ,1482122592490712  ,1482122592569602  ,1482122592743166  
190    ,0      ,1482122592490773  ,1482122592491678  ,1482122592570933  ,1482122592743226  
191    ,0      ,1482122592466801  ,1482122592491639  ,1482122592570675  ,1482122592743168  
192    ,0      ,1482122592496315  ,1482122592505890  ,1482122592597202  ,1482122592744007  
193    ,0      ,1482122592491307  ,1482122592493079  ,1482122592571892  ,1482122592743312  
194    ,0      ,1482122592466738  ,1482122592491615  ,1482122592570440  ,1482122592743389  
195    ,0      ,1482122592491050  ,1482122592493164  ,1482122592572184  ,1482122592743374  
196    ,0      ,1482122592490850  ,1482122592492806  ,1482122592570990  ,1482122592743265  
197    ,0      ,1482122592497048  ,1482122592506115  ,1482122592597944  ,1482122592744130  
198    ,0      ,1482122592491741  ,1482122592495911  ,1482122592572252  ,1482122592743380  
199    ,0      ,1482122592490717  ,1482122592491665  ,1482122592570876  ,1482122592743213  
200    ,0      ,1482122592491439  ,1482122592493138  ,1482122592572114  ,1482122592743355  
201    ,0      ,1482122592491159  ,1482122592493055  ,1482122592571687  ,1482122592743305  
202    ,0      ,1482122592497781  ,1482122592506149  ,1482122592599293  ,1482122592744202  
203    ,0      ,1482122592492126  ,1482122592505287  ,1482122592595155  ,1482122592743593  
204    ,0      ,1482122592490993  ,1482122592492928  ,1482122592571581  ,1482122592743319  
205    ,0      ,1482122592491890  ,1482122592495946  ,1482122592572382  ,1482122592743431  
206    ,0      ,1482122592491505  ,1482122592496204  ,1482122592574420  ,1482122592743463  
207    ,0      ,1482122592498407  ,1482122592506197  ,1482122592599721  ,1482122592744259  
208    ,0      ,1482122592493474  ,1482122592505351  ,1482122592595516  ,1482122592743758  
209    ,0      ,1482122592491367  ,1482122592493108  ,1482122592571953  ,1482122592743349  
210    ,0      ,1482122592492277  ,1482122592505325  ,1482122592595385  ,1482122592743733  
211    ,0      ,1482122592491969  ,1482122592505338  ,1482122592595451  ,1482122592743810  
212    ,0      ,1482122592498903  ,1482122592506279  ,1482122592600097  ,1482122592744294  
213    ,0      ,1482122592493947  ,1482122592505809  ,1482122592596503  ,1482122592744140  
214    ,0      ,1482122592491823  ,1482122592495930  ,1482122592572314  ,1482122592743538  
215    ,0      ,1482122592493713  ,1482122592505377  ,1482122592596004  ,1482122592743884  
216    ,0      ,1482122592493780  ,1482122592505590  ,1482122592596312  ,1482122592743859  
217    ,0      ,1482122592499479  ,1482122592506443  ,1482122592600460  ,1482122592744342  
218    ,0      ,1482122592496198  ,1482122592505925  ,1482122592597514  ,1482122592744032  
219    ,0      ,1482122592492170  ,1482122592505461  ,1482122592596068  ,1482122592743793  
220    ,0      ,1482122592495842  ,1482122592505830  ,1482122592597367  ,1482122592744009  
221    ,0      ,1482122592496080  ,1482122592505877  ,1482122592597143  ,1482122592743936  
222    ,0      ,1482122592503908  ,1482122592506579  ,1482122592600944  ,1482122592744420  
223    ,0      ,1482122592496932  ,1482122592506085  ,1482122592597730  ,1482122592744072  
224    ,0      ,1482122592493602  ,1482122592505365  ,1482122592595962  ,1482122592743820  
225    ,0      ,1482122592496628  ,1482122592505987  ,1482122592597578  ,1482122592744154  
226    ,0      ,1482122592496816  ,1482122592506081  ,1482122592597680  ,1482122592744116  
227    ,0      ,1482122592504654  ,1482122592519572  ,1482122592602421  ,1482122592744451  
228    ,0      ,1482122592497673  ,1482122592506138  ,1482122592598137  ,1482122592744130  
229    ,0      ,1482122592495825  ,1482122592505869  ,1482122592596900  ,1482122592743923  
230    ,0      ,1482122592497372  ,1482122592506128  ,1482122592597999  ,1482122592744146  
231    ,0      ,1482122592497560  ,1482122592506135  ,1482122592598221  ,1482122592744127  
232    ,0      ,1482122592507099  ,1482122592519814  ,1482122592603053  ,1482122592750833  
233    ,0      ,1482122592498349  ,1482122592506195  ,1482122592599612  ,1482122592744245  
234    ,0      ,1482122592496509  ,1482122592505973  ,1482122592597887  ,1482122592744087  
235    ,0      ,1482122592498057  ,1482122592506173  ,1482122592599852  ,1482122592744302  
236    ,0      ,1482122592498244  ,1482122592506175  ,1482122592599554  ,1482122592744216  
237    ,0      ,1482122592507267  ,1482122592519916  ,1482122592611905  ,1482122592750960  
238    ,0      ,1482122592498826  ,1482122592506491  ,1482122592600739  ,1482122592744390  
239    ,0      ,1482122592497253  ,1482122592506144  ,1482122592599179  ,1482122592744169  
240    ,0      ,1482122592498715  ,1482122592506220  ,1482122592599911  ,1482122592744321  
241    ,0      ,1482122592498784  ,1482122592506271  ,1482122592600020  ,1482122592744354  
242    ,0      ,1482122592519725  ,1482122592523833  ,1482122592622385  ,1482122592751042  
243    ,0      ,1482122592504332  ,1482122592519682  ,1482122592602777  ,1482122592750668  
244    ,0      ,1482122592497955  ,1482122592506152  ,1482122592599393  ,1482122592744187  
245    ,0      ,1482122592499181  ,1482122592506414  ,1482122592600230  ,1482122592744366  
246    ,0      ,1482122592499301  ,1482122592506429  ,1482122592600309  ,1482122592744342  
247    ,0      ,1482122592521174  ,1482122592523923  ,1482122592622963  ,1482122592751067  
248    ,0      ,1482122592507152  ,1482122592519904  ,1482122592611836  ,1482122592750884  
249    ,0      ,1482122592498662  ,1482122592506218  ,1482122592599790  ,1482122592744288  
250    ,0      ,1482122592499742  ,1482122592506500  ,1482122592600793  ,1482122592744407  
251    ,0      ,1482122592499869  ,1482122592506520  ,1482122592600851  ,1482122592744436  
252    ,0      ,1482122592522975  ,1482122592525771  ,1482122592623764  ,1482122592751157  
253    ,0      ,1482122592519779  ,1482122592523506  ,1482122592620317  ,1482122592751178  
254    ,0      ,1482122592499031  ,1482122592506394  ,1482122592600158  ,1482122592744319  
255    ,0      ,1482122592504292  ,1482122592518493  ,1482122592601059  ,1482122592744418  
256    ,0      ,1482122592504451  ,1482122592519755  ,1482122592602940  ,1482122592750815  
257    ,0      ,1482122592523396  ,1482122592526272  ,1482122592643563  ,1482122592753275  
258    ,0      ,1482122592521077  ,1482122592523928  ,1482122592623009  ,1482122592751074  
259    ,0      ,1482122592499624  ,1482122592506470  ,1482122592600579  ,1482122592744393  
260    ,0      ,1482122592505894  ,1482122592519550  ,1482122592602257  ,1482122592744436  
261    ,0      ,1482122592507290  ,1482122592519893  ,1482122592611676  ,1482122592750902  
262    ,0      ,1482122592525492  ,1482122592529830  ,1482122592644215  ,1482122592758471  
263    ,0      ,1482122592522936  ,1482122592523994  ,1482122592623223  ,1482122592751108  
264    ,0      ,1482122592504148  ,1482122592519653  ,1482122592602514  ,1482122592744486  
265    ,0      ,1482122592507084  ,1482122592519753  ,1482122592602900  ,1482122592744519  
266    ,0      ,1482122592519709  ,1482122592521691  ,1482122592612262  ,1482122592750919  
267    ,0      ,1482122592526542  ,1482122592529900  ,1482122592644850  ,1482122592753296  
268    ,0      ,1482122592523228  ,1482122592526258  ,1482122592642647  ,1482122592758668  
269    ,0      ,1482122592507108  ,1482122592519874  ,1482122592610837  ,1482122592750911  
270    ,0      ,1482122592507222  ,1482122592519892  ,1482122592611312  ,1482122592750865  
271    ,0      ,1482122592519945  ,1482122592521723  ,1482122592618705  ,1482122592750938  
272    ,0      ,1482122592527216  ,1482122592534595  ,1482122592651082  ,1482122592753326  
273    ,0      ,1482122592525409  ,1482122592526297  ,1482122592643692  ,1482122592753265  
274    ,0      ,1482122592519759  ,1482122592523816  ,1482122592620385  ,1482122592751046  
275    ,0      ,1482122592519713  ,1482122592521708  ,1482122592618624  ,1482122592750932  
276    ,0      ,1482122592520875  ,1482122592523846  ,1482122592622435  ,1482122592750987  
277    ,0      ,1482122592527671  ,1482122592534666  ,1482122592651570  ,1482122592753362  
278    ,0      ,1482122592525660  ,1482122592529849  ,1482122592644283  ,1482122592753282  
279    ,0      ,1482122592521142  ,1482122592523891  ,1482122592622770  ,1482122592751032  
280    ,0      ,1482122592520097  ,1482122592521723  ,1482122592618771  ,1482122592751006  
281    ,0      ,1482122592521273  ,1482122592523895  ,1482122592622835  ,1482122592751041  
282    ,0      ,1482122592528092  ,1482122592534756  ,1482122592652298  ,1482122592753388  
283    ,0      ,1482122592526822  ,1482122592529902  ,1482122592645426  ,1482122592753315  
284    ,0      ,1482122592522845  ,1482122592523962  ,1482122592623109  ,1482122592751207  
285    ,0      ,1482122592521024  ,1482122592523863  ,1482122592622529  ,1482122592751019  
286    ,0      ,1482122592522796  ,1482122592523947  ,1482122592623060  ,1482122592751095  
287    ,0      ,1482122592528482  ,1482122592534831  ,1482122592653667  ,1482122592753471  
288    ,0      ,1482122592527399  ,1482122592534609  ,1482122592651333  ,1482122592753346  
289    ,0      ,1482122592523115  ,1482122592526210  ,1482122592642576  ,1482122592751135  
290    ,0      ,1482122592521261  ,1482122592523913  ,1482122592622898  ,1482122592753646  
291    ,0      ,1482122592522978  ,1482122592525953  ,1482122592623813  ,1482122592751214  
292    ,0      ,1482122592528862  ,1482122592534952  ,1482122592654459  ,1482122592753455  
293    ,0      ,1482122592527681  ,1482122592534685  ,1482122592651663  ,1482122592753369  
294    ,0      ,1482122592525358  ,1482122592526289  ,1482122592643623  ,1482122592753285  
295    ,0      ,1482122592522899  ,1482122592523979  ,1482122592623172  ,1482122592751151  
296    ,0      ,1482122592523416  ,1482122592526189  ,1482122592642515  ,1482122592751198  
297    ,0      ,1482122592529347  ,1482122592535022  ,1482122592655218  ,1482122592753465  
298    ,0      ,1482122592528190  ,1482122592534762  ,1482122592653142  ,1482122592753405  
299    ,0      ,1482122592525650  ,1482122592529865  ,1482122592644471  ,1482122592753289  
300    ,0      ,1482122592523171  ,1482122592526733  ,1482122592643792  ,1482122592753288  
301    ,0      ,1482122592525452  ,1482122592529569  ,1482122592644913  ,1482122592753319  
302    ,0      ,1482122592529837  ,1482122592535101  ,1482122592655547  ,1482122592753510  
303    ,0      ,1482122592528584  ,1482122592534853  ,1482122592653733  ,1482122592753444  
304    ,0      ,1482122592527074  ,1482122592534510  ,1482122592650729  ,1482122592753340  
305    ,0      ,1482122592525457  ,1482122592529851  ,1482122592644355  ,1482122592753312  
306    ,0      ,1482122592526525  ,1482122592529881  ,1482122592644793  ,1482122592753306  
307    ,0      ,1482122592530370  ,1482122592543821  ,1482122592663561  ,1482122592753521  
308    ,0      ,1482122592528968  ,1482122592534910  ,1482122592654118  ,1482122592753418  
309    ,0      ,1482122592527551  ,1482122592534608  ,1482122592651205  ,1482122592753326  
310    ,0      ,1482122592526942  ,1482122592534558  ,1482122592650910  ,1482122592753375  
311    ,0      ,1482122592527084  ,1482122592534554  ,1482122592650844  ,1482122592753333  
312    ,0      ,1482122592539127  ,1482122592543869  ,1482122592663818  ,1482122592753552  
313    ,0      ,1482122592529269  ,1482122592534998  ,1482122592655023  ,1482122592753484  
314    ,0      ,1482122592527736  ,1482122592534708  ,1482122592651760  ,1482122592753372  
315    ,0      ,1482122592527626  ,1482122592534661  ,1482122592651402  ,1482122592753352  
316    ,0      ,1482122592527574  ,1482122592534634  ,1482122592651518  ,1482122592753353  
317    ,0      ,1482122592539512  ,1482122592543934  ,1482122592664719  ,1482122592753587  
318    ,0      ,1482122592529672  ,1482122592535068  ,1482122592655414  ,1482122592753501  
319    ,0      ,1482122592528251  ,1482122592534784  ,1482122592653326  ,1482122592753411  
320    ,0      ,1482122592528042  ,1482122592534734  ,1482122592652359  ,1482122592753382  
321    ,0      ,1482122592527926  ,1482122592534713  ,1482122592651797  ,1482122592753381  
322    ,0      ,1482122592539821  ,1482122592544676  ,1482122592665610  ,1482122592758524  
323    ,0      ,1482122592530238  ,1482122592535147  ,1482122592655943  ,1482122592753520  
324    ,0      ,1482122592528644  ,1482122592534859  ,1482122592653804  ,1482122592753428  
325    ,0      ,1482122592528439  ,1482122592534812  ,1482122592653508  ,1482122592753408  
326    ,0      ,1482122592528309  ,1482122592534807  ,1482122592653416  ,1482122592753398  
327    ,0      ,1482122592543912  ,1482122592571678  ,1482122592680649  ,1482122592758630  
328    ,0      ,1482122592530772  ,1482122592543855  ,1482122592663679  ,1482122592753548  
329    ,0      ,1482122592529022  ,1482122592534929  ,1482122592654215  ,1482122592753435  
330    ,0      ,1482122592528813  ,1482122592534905  ,1482122592654009  ,1482122592753448  
331    ,0      ,1482122592528705  ,1482122592534877  ,1482122592653895  ,1482122592753418  
332    ,0      ,1482122592546767  ,1482122592602317  ,1482122592692607  ,1482122592758689  
333    ,0      ,1482122592539169  ,1482122592543907  ,1482122592664238  ,1482122592758473  
334    ,0      ,1482122592529340  ,1482122592535003  ,1482122592655083  ,1482122592753474  
335    ,0      ,1482122592529156  ,1482122592534975  ,1482122592654713  ,1482122592753455  
336    ,0      ,1482122592529093  ,1482122592534957  ,1482122592654529  ,1482122592753441  
337    ,0      ,1482122592547374  ,1482122592672978  ,1482122592721415  ,1482122592758718  
338    ,0      ,1482122592539896  ,1482122592544535  ,1482122592665541  ,1482122592758524  
339    ,0      ,1482122592529773  ,1482122592535096  ,1482122592655483  ,1482122592753491  
340    ,0      ,1482122592529611  ,1482122592535050  ,1482122592655349  ,1482122592753485  
341    ,0      ,1482122592529485  ,1482122592535045  ,1482122592655157  ,1482122592753478  
342    ,0      ,1482122592563687  ,1482122592732868  ,1482122592733032  ,1482122592758763  
343    ,0      ,1482122592543592  ,1482122592544708  ,1482122592672296  ,1482122592758575  
344    ,0      ,1482122592530300  ,1482122592543539  ,1482122592663420  ,1482122592753530  
345    ,0      ,1482122592530097  ,1482122592535144  ,1482122592655876  ,1482122592753514  
346    ,0      ,1482122592529970  ,1482122592535121  ,1482122592655753  ,1482122592753507  
347    ,0      ,1482122592564283  ,1482122592741477  ,1482122592741581  ,1482122592798140  
348    ,0      ,1482122592543790  ,1482122592544788  ,1482122592672655  ,1482122592758630  
349    ,0      ,1482122592539004  ,1482122592543872  ,1482122592663983  ,1482122592753570  
350    ,0      ,1482122592530630  ,1482122592543865  ,1482122592663750  ,1482122592753559  
351    ,0      ,1482122592530500  ,1482122592543842  ,1482122592663623  ,1482122592753537  
352    ,0      ,1482122592564915  ,1482122592767492  ,1482122592779025  ,1482122592867622  
353    ,0      ,1482122592544144  ,1482122592591238  ,1482122592683497  ,1482122592758659  
354    ,0      ,1482122592539362  ,1482122592543927  ,1482122592664662  ,1482122592753571  
355    ,0      ,1482122592539272  ,1482122592543919  ,1482122592664359  ,1482122592758492  
356    ,0      ,1482122592539136  ,1482122592543894  ,1482122592664049  ,1482122592758475  
357    ,0      ,1482122592565535  ,1482122592759786  ,1482122592768178  ,1482122592833751  
358    ,0      ,1482122592547084  ,1482122592642372  ,1482122592698918  ,1482122592758702  
359    ,0      ,1482122592539763  ,1482122592544751  ,1482122592672414  ,1482122592758594  
360    ,0      ,1482122592539716  ,1482122592544106  ,1482122592664856  ,1482122592758507  
361    ,0      ,1482122592539685  ,1482122592544510  ,1482122592665341  ,1482122592758506  
362    ,0      ,1482122592566111  ,1482122592759997  ,1482122592778425  ,1482122592845384  
363    ,0      ,1482122592563899  ,1482122592737779  ,1482122592737897  ,1482122592758796  
364    ,0      ,1482122592543654  ,1482122592544743  ,1482122592672356  ,1482122592758575  
365    ,0      ,1482122592543526  ,1482122592544693  ,1482122592672087  ,1482122592758543  
366    ,0      ,1482122592543540  ,1482122592544723  ,1482122592672199  ,1482122592758556  
367    ,0      ,1482122592566668  ,1482122592767726  ,1482122592794365  ,1482122592970491  
368    ,0      ,1482122592564531  ,1482122592759404  ,1482122592767839  ,1482122592834104  
369    ,0      ,1482122592544003  ,1482122592544794  ,1482122592672717  ,1482122592758612  
370    ,0      ,1482122592543735  ,1482122592544759  ,1482122592672483  ,1482122592758556  
371    ,0      ,1482122592543883  ,1482122592544821  ,1482122592672848  ,1482122592758594  
372    ,0      ,1482122592567141  ,1482122592768387  ,1482122592797820  ,1482122593170901  
373    ,0      ,1482122592565169  ,1482122592759626  ,1482122592768027  ,1482122592834220  
374    ,0      ,1482122592544307  ,1482122592595383  ,1482122592684980  ,1482122592758664  
375    ,0      ,1482122592544070  ,1482122592567922  ,1482122592677668  ,1482122592758612  
376    ,0      ,1482122592544208  ,1482122592578558  ,1482122592682617  ,1482122592758648  
377    ,0      ,1482122592569123  ,1482122592768461  ,1482122592798471  ,1482122593106656  
378    ,0      ,1482122592565765  ,1482122592759895  ,1482122592777913  ,1482122592845394  
379    ,0      ,1482122592547451  ,1482122592695986  ,1482122592722928  ,1482122592758734  
380    ,0      ,1482122592544420  ,1482122592580944  ,1482122592683125  ,1482122592758679  
381    ,0      ,1482122592546838  ,1482122592600495  ,1482122592690829  ,1482122592758924  
382    ,0      ,1482122592571101  ,1482122592768522  ,1482122592799440  ,1482122593170761  
383    ,0      ,1482122592566331  ,1482122592767660  ,1482122592780001  ,1482122592869790  
384    ,0      ,1482122592564011  ,1482122592740776  ,1482122592740919  ,1482122592758791  
385    ,0      ,1482122592547036  ,1482122592611578  ,1482122592694809  ,1482122592758718  
386    ,0      ,1482122592547300  ,1482122592653627  ,1482122592713642  ,1482122592758703  
387    ,0      ,1482122592578617  ,1482122592768577  ,1482122592805365  ,1482122593169516  
388    ,0      ,1482122592566779  ,1482122592768329  ,1482122592796313  ,1482122593182763  
389    ,0      ,1482122592564654  ,1482122592759227  ,1482122592767540  ,1482122592834106  
390    ,0      ,1482122592547414  ,1482122592684081  ,1482122592722208  ,1482122592758734  
391    ,0      ,1482122592547654  ,1482122592725253  ,1482122592728101  ,1482122592758748  
392    ,0      ,1482122592578767  ,1482122592768654  ,1482122592805503  ,1482122593178408  
393    ,0      ,1482122592567255  ,1482122592768407  ,1482122592797915  ,1482122593106928  
394    ,0      ,1482122592565290  ,1482122592759680  ,1482122592768079  ,1482122592834057  
395    ,0      ,1482122592563863  ,1482122592736706  ,1482122592736855  ,1482122592758783  
396    ,0      ,1482122592564151  ,1482122592741124  ,1482122592741224  ,1482122592759240  
397    ,0      ,1482122592589976  ,1482122592768719  ,1482122592805943  ,1482122593170919  
398    ,0      ,1482122592569290  ,1482122592768475  ,1482122592799300  ,1482122593140335  
399    ,0      ,1482122592565880  ,1482122592768349  ,1482122592797562  ,1482122593140644  
400    ,0      ,1482122592564408  ,1482122592741740  ,1482122592741839  ,1482122592798349  
401    ,0      ,1482122592564777  ,1482122592759481  ,1482122592767904  ,1482122592833934  
402    ,0      ,1482122592591019  ,1482122592768840  ,1482122592813141  ,1482122593106924  
403    ,0      ,1482122592571144  ,1482122592768548  ,1482122592799670  ,1482122593140680  
404    ,0      ,1482122592567315  ,1482122592768423  ,1482122592798209  ,1482122593169391  
405    ,0      ,1482122592565047  ,1482122592759568  ,1482122592767959  ,1482122592833794  
406    ,0      ,1482122592565419  ,1482122592759728  ,1482122592768129  ,1482122592834114  
407    ,0      ,1482122592592807  ,1482122592768881  ,1482122592813346  ,1482122593169645  
408    ,0      ,1482122592578691  ,1482122592768603  ,1482122592805002  ,1482122593106949  
409    ,0      ,1482122592569562  ,1482122592768486  ,1482122592799381  ,1482122593106952  
410    ,0      ,1482122592565650  ,1482122592759840  ,1482122592777563  ,1482122592845396  
411    ,0      ,1482122592565995  ,1482122592759952  ,1482122592778155  ,1482122592845381  
412    ,0      ,1482122592593088  ,1482122592768952  ,1482122592814546  ,1482122593092295  
413    ,0      ,1482122592578979  ,1482122592768680  ,1482122592805735  ,1482122593092158  
414    ,0      ,1482122592571335  ,1482122592768563  ,1482122592799727  ,1482122593172751  
415    ,0      ,1482122592566372  ,1482122592767685  ,1482122592789970  ,1482122592883649  
416    ,0      ,1482122592566549  ,1482122592767706  ,1482122592791617  ,1482122592934041  
417    ,0      ,1482122592594761  ,1482122592777597  ,1482122592816099  ,1482122593172846  
418    ,0      ,1482122592590239  ,1482122592768758  ,1482122592806105  ,1482122593140740  
419    ,0      ,1482122592578720  ,1482122592768639  ,1482122592805454  ,1482122593103745  
420    ,0      ,1482122592566905  ,1482122592777409  ,1482122592814750  ,1482122593170945  
421    ,0      ,1482122592567024  ,1482122592768366  ,1482122592797679  ,1482122593169771  
422    ,0      ,1482122592595757  ,1482122592777764  ,1482122592817327  ,1482122593106904  
423    ,0      ,1482122592591255  ,1482122592768812  ,1482122592806760  ,1482122593169501  
424    ,0      ,1482122592589844  ,1482122592768706  ,1482122592805845  ,1482122593103952  
425    ,0      ,1482122592569361  ,1482122592768474  ,1482122592799193  ,1482122593103832  
426    ,0      ,1482122592568911  ,1482122592768449  ,1482122592798414  ,1482122593140742  
427    ,0      ,1482122592596988  ,1482122592777919  ,1482122592818673  ,1482122593170802  
428    ,0      ,1482122592592478  ,1482122592768833  ,1482122592813007  ,1482122593169592  
429    ,0      ,1482122592590927  ,1482122592768782  ,1482122592806580  ,1482122593010474  
430    ,0      ,1482122592571111  ,1482122592768535  ,1482122592799597  ,1482122593140700  
431    ,0      ,1482122592571058  ,1482122592768498  ,1482122592799912  ,1482122593092230  
432    ,0      ,1482122592602896  ,1482122592778144  ,1482122592819207  ,1482122593169404  
433    ,0      ,1482122592592862  ,1482122592768899  ,1482122592813399  ,1482122593140728  
434    ,0      ,1482122592594757  ,1482122592777567  ,1482122592815024  ,1482122593171209  
435    ,0      ,1482122592578633  ,1482122592768590  ,1482122592804935  ,1482122593140584  
436    ,0      ,1482122592574826  ,1482122592768576  ,1482122592799975  ,1482122593169429  
437    ,0      ,1482122592603867  ,1482122592778304  ,1482122592820023  ,1482122593178540  
438    ,0      ,1482122592593201  ,1482122592768939  ,1482122592814471  ,1482122593182801  
439    ,0      ,1482122592595745  ,1482122592777722  ,1482122592817215  ,1482122593169479  
440    ,0      ,1482122592578850  ,1482122592768668  ,1482122592805565  ,1482122593140756  
441    ,0      ,1482122592578758  ,1482122592768621  ,1482122592805060  ,1482122593172833  
442    ,0      ,1482122592605018  ,1482122592778437  ,1482122592820694  ,1482122593178946  
443    ,0      ,1482122592594682  ,1482122592768986  ,1482122592814682  ,1482122593103989  
444    ,0      ,1482122592596878  ,1482122592777802  ,1482122592817608  ,1482122593140616  
445    ,0      ,1482122592590092  ,1482122592768733  ,1482122592806002  ,1482122593106971  
446    ,0      ,1482122592589666  ,1482122592768694  ,1482122592805790  ,1482122593170557  
447    ,0      ,1482122592606281  ,1482122592778512  ,1482122592821488  ,1482122593092090  
448    ,0      ,1482122592595107  ,1482122592777617  ,1482122592816758  ,1482122593172766  
449    ,0      ,1482122592598454  ,1482122592778116  ,1482122592819073  ,1482122593169514  
450    ,0      ,1482122592591215  ,1482122592768799  ,1482122592806654  ,1482122593169500  
451    ,0      ,1482122592590288  ,1482122592768747  ,1482122592806056  ,1482122593178358  
452    ,0      ,1482122592608558  ,1482122592778575  ,1482122592828616  ,1482122593140127  
453    ,0      ,1482122592596647  ,1482122592777788  ,1482122592817454  ,1482122593169476  
454    ,0      ,1482122592603424  ,1482122592778336  ,1482122592820311  ,1482122593140502  
455    ,0      ,1482122592592480  ,1482122592768854  ,1482122592813229  ,1482122593170767  
456    ,0      ,1482122592591231  ,1482122592768825  ,1482122592806865  ,1482122593103702  
457    ,0      ,1482122592609911  ,1482122592778629  ,1482122592829344  ,1482122593169332  
458    ,0      ,1482122592597428  ,1482122592778077  ,1482122592818823  ,1482122593106909  
459    ,0      ,1482122592604479  ,1482122592778395  ,1482122592820384  ,1482122593172782  
460    ,0      ,1482122592592825  ,1482122592768911  ,1482122592813450  ,1482122593104005  
461    ,0      ,1482122592592703  ,1482122592768867  ,1482122592813284  ,1482122593169448  
462    ,0      ,1482122592611377  ,1482122592778699  ,1482122592842640  ,1482122593103775  
463    ,0      ,1482122592603127  ,1482122592778166  ,1482122592819821  ,1482122593170816  
464    ,0      ,1482122592605612  ,1482122592778487  ,1482122592821418  ,1482122593106880  
465    ,0      ,1482122592595107  ,1482122592777702  ,1482122592816982  ,1482122593169416  
466    ,0      ,1482122592592940  ,1482122592768925  ,1482122592814407  ,1482122593171054  
467    ,0      ,1482122592613208  ,1482122592778770  ,1482122592844410  ,1482122593103792  
468    ,0      ,1482122592604078  ,1482122592778314  ,1482122592820135  ,1482122593140784  
469    ,0      ,1482122592606881  ,1482122592778534  ,1482122592827973  ,1482122593171204  
470    ,0      ,1482122592596703  ,1482122592777874  ,1482122592817682  ,1482122593103945  
471    ,0      ,1482122592594678  ,1482122592768966  ,1482122592814628  ,1482122593106918  
472    ,0      ,1482122592613807  ,1482122592778837  ,1482122592844804  ,1482122593169354  
473    ,0      ,1482122592605340  ,1482122592778453  ,1482122592821031  ,1482122593170925  
474    ,0      ,1482122592609114  ,1482122592778611  ,1482122592829193  ,1482122593103752  
475    ,0      ,1482122592599222  ,1482122592778114  ,1482122592819114  ,1482122593103973  
476    ,0      ,1482122592595067  ,1482122592777614  ,1482122592816804  ,1482122593103840  
477    ,0      ,1482122592614495  ,1482122592778918  ,1482122592846453  ,1482122593103906  
478    ,0      ,1482122592606607  ,1482122592778557  ,1482122592828089  ,1482122593106877  
479    ,0      ,1482122592610385  ,1482122592778653  ,1482122592829449  ,1482122593171041  
480    ,0      ,1482122592603565  ,1482122592778288  ,1482122592819924  ,1482122593103872  
481    ,0      ,1482122592596436  ,1482122592777773  ,1482122592817550  ,1482122593169478  
482    ,0      ,1482122592614923  ,1482122592779026  ,1482122592847802  ,1482122593172584  
483    ,0      ,1482122592609251  ,1482122592778597  ,1482122592828767  ,1482122593172820  
484    ,0      ,1482122592613033  ,1482122592778700  ,1482122592844030  ,1482122593169359  
485    ,0      ,1482122592604609  ,1482122592778412  ,1482122592820432  ,1482122593171159  
486    ,0      ,1482122592597126  ,1482122592778096  ,1482122592818964  ,1482122593170943  
487    ,0      ,1482122592615394  ,1482122592779112  ,1482122592848211  ,1482122593172728  
488    ,0      ,1482122592610616  ,1482122592778668  ,1482122592842554  ,1482122593106974  
489    ,0      ,1482122592613323  ,1482122592778789  ,1482122592844512  ,1482122593178607  
490    ,0      ,1482122592605857  ,1482122592778491  ,1482122592821351  ,1482122593106809  
491    ,0      ,1482122592603270  ,1482122592778274  ,1482122592820089  ,1482122593103989  
492    ,0      ,1482122592615864  ,1482122592779261  ,1482122592848832  ,1482122593106603  
493    ,0      ,1482122592613040  ,1482122592778718  ,1482122592844067  ,1482122593169908  
494    ,0      ,1482122592614177  ,1482122592778845  ,1482122592844864  ,1482122593140659  
495    ,0      ,1482122592607133  ,1482122592778549  ,1482122592828044  ,1482122593140162  
496    ,0      ,1482122592604207  ,1482122592778329  ,1482122592820240  ,1482122593092200  
497    ,0      ,1482122592617144  ,1482122592779416  ,1482122592849199  ,1482122593182810  
498    ,0      ,1482122592613362  ,1482122592778792  ,1482122592844574  ,1482122593169561  
499    ,0      ,1482122592614565  ,1482122592778936  ,1482122592846708  ,1482122593173318  
500    ,0      ,1482122592609517  ,1482122592778627  ,1482122592829288  ,1482122593140645  
501    ,0      ,1482122592605470  ,1482122592778456  ,1482122592821115  ,1482122593103702  
502    ,0      ,1482122592617626  ,1482122592779494  ,1482122592867886  ,1482122593140784  
503    ,0      ,1482122592614343  ,1482122592778887  ,1482122592846417  ,1482122593172800  
504    ,0      ,1482122592615034  ,1482122592779038  ,1482122592847051  ,1482122593106633  
505    ,0      ,1482122592611330  ,1482122592778686  ,1482122592829654  ,1482122593169693  
506    ,0      ,1482122592606742  ,1482122592778532  ,1482122592827892  ,1482122593172734  
507    ,0      ,1482122592618081  ,1482122592779799  ,1482122592868450  ,1482122593178375  
508    ,0      ,1482122592614723  ,1482122592778970  ,1482122592846840  ,1482122593182844  
509    ,0      ,1482122592615503  ,1482122592779128  ,1482122592848256  ,1482122593106994  
510    ,0      ,1482122592613103  ,1482122592778736  ,1482122592844306  ,1482122593140714  
511    ,0      ,1482122592608869  ,1482122592778587  ,1482122592828700  ,1482122593178805  
512    ,0      ,1482122592618754  ,1482122592779896  ,1482122592868969  ,1482122593170624  
513    ,0      ,1482122592615217  ,1482122592779061  ,1482122592847995  ,1482122593106854  
514    ,0      ,1482122592615980  ,1482122592779338  ,1482122592848936  ,1482122593178848  
515    ,0      ,1482122592613573  ,1482122592778814  ,1482122592844719  ,1482122593106835  
516    ,0      ,1482122592610610  ,1482122592778663  ,1482122592829557  ,1482122593171115  
517    ,0      ,1482122592619097  ,1482122592780016  ,1482122592869422  ,1482122593170652  
518    ,0      ,1482122592615687  ,1482122592779271  ,1482122592848984  ,1482122593172499  
519    ,0      ,1482122592617301  ,1482122592779454  ,1482122592867560  ,1482122593173344  
520    ,0      ,1482122592614434  ,1482122592778902  ,1482122592846345  ,1482122593169373  
521    ,0      ,1482122592613124  ,1482122592778742  ,1482122592844368  ,1482122593178558  
522    ,0      ,1482122592619499  ,1482122592780134  ,1482122592870623  ,1482122593106529  
523    ,0      ,1482122592617193  ,1482122592779437  ,1482122592849280  ,1482122593172555  
524    ,0      ,1482122592617850  ,1482122592779567  ,1482122592868083  ,1482122593106574  
525    ,0      ,1482122592614877  ,1482122592778986  ,1482122592846920  ,1482122593106656  
526    ,0      ,1482122592613639  ,1482122592778871  ,1482122592845058  ,1482122593010413  
527    ,0      ,1482122592619884  ,1482122592780474  ,1482122592871089  ,1482122593178321  
528    ,0      ,1482122592617742  ,1482122592779532  ,1482122592867987  ,1482122593170938  
529    ,0      ,1482122592618317  ,1482122592779839  ,1482122592868852  ,1482122593182827  
530    ,0      ,1482122592615352  ,1482122592779091  ,1482122592848150  ,1482122593172502  
531    ,0      ,1482122592614650  ,1482122592778955  ,1482122592846785  ,1482122593178281  
532    ,0      ,1482122592637632  ,1482122592789670  ,1482122592871378  ,1482122593113235  
533    ,0      ,1482122592618186  ,1482122592779831  ,1482122592868775  ,1482122593172539  
534    ,0      ,1482122592618877  ,1482122592779950  ,1482122592869191  ,1482122593113184  
535    ,0      ,1482122592615832  ,1482122592779158  ,1482122592848787  ,1482122593170748  
536    ,0      ,1482122592615142  ,1482122592779043  ,1482122592847739  ,1482122593172573  
537    ,0      ,1482122592638178  ,1482122592789940  ,1482122592879497  ,1482122593142767  
538    ,0      ,1482122592618772  ,1482122592779929  ,1482122592869100  ,1482122593106614  
539    ,0      ,1482122592619233  ,1482122592780059  ,1482122592870419  ,1482122593172517  
540    ,0      ,1482122592617027  ,1482122592779408  ,1482122592849119  ,1482122593106589  
541    ,0      ,1482122592615612  ,1482122592779150  ,1482122592848308  ,1482122593171139  
542    ,0      ,1482122592638562  ,1482122592789813  ,1482122592878378  ,1482122593172519  
543    ,0      ,1482122592619171  ,1482122592780047  ,1482122592870282  ,1482122593172716  
544    ,0      ,1482122592619624  ,1482122592780243  ,1482122592870679  ,1482122593170785  
545    ,0      ,1482122592617509  ,1482122592779481  ,1482122592867775  ,1482122593113171  
546    ,0      ,1482122592616865  ,1482122592779347  ,1482122592849033  ,1482122593170607  
547    ,0      ,1482122592638970  ,1482122592789874  ,1482122592878994  ,1482122593170718  
548    ,0      ,1482122592619557  ,1482122592780446  ,1482122592870998  ,1482122593113206  
549    ,0      ,1482122592620526  ,1482122592789600  ,1482122592871148  ,1482122593170684  
550    ,0      ,1482122592617975  ,1482122592779767  ,1482122592868215  ,1482122593178354  
551    ,0      ,1482122592617430  ,1482122592779465  ,1482122592867673  ,1482122593172464  
552    ,0      ,1482122592639414  ,1482122592789977  ,1482122592879812  ,1482122593171116  
553    ,0      ,1482122592637271  ,1482122592789670  ,1482122592871303  ,1482122593140799  
554    ,0      ,1482122592637759  ,1482122592789690  ,1482122592871428  ,1482122593103873  
555    ,0      ,1482122592618598  ,1482122592779873  ,1482122592869045  ,1482122593113172  
556    ,0      ,1482122592617930  ,1482122592779729  ,1482122592868385  ,1482122593172555  
557    ,0      ,1482122592639863  ,1482122592790039  ,1482122592884233  ,1482122593170849  
558    ,0      ,1482122592638102  ,1482122592789775  ,1482122592871826  ,1482122593169297  
559    ,0      ,1482122592638607  ,1482122592789829  ,1482122592878524  ,1482122593142782  
560    ,0      ,1482122592619037  ,1482122592779988  ,1482122592869311  ,1482122593106559  
561    ,0      ,1482122592618462  ,1482122592779868  ,1482122592868908  ,1482122593103886  
562    ,0      ,1482122592640314  ,1482122592790090  ,1482122592885464  ,1482122593142720  
563    ,0      ,1482122592638447  ,1482122592789801  ,1482122592872044  ,1482122593113190  
564    ,0      ,1482122592639108  ,1482122592789885  ,1482122592879061  ,1482122593173108  
565    ,0      ,1482122592619392  ,1482122592780102  ,1482122592870527  ,1482122593170834  
566    ,0      ,1482122592618935  ,1482122592779969  ,1482122592869248  ,1482122593170786  
567    ,0      ,1482122592641536  ,1482122592790150  ,1482122592891001  ,1482122593142083  
568    ,0      ,1482122592638896  ,1482122592789861  ,1482122592878901  ,1482122593178316  
569    ,0      ,1482122592639456  ,1482122592789996  ,1482122592880093  ,1482122593172411  
570    ,0      ,1482122592619805  ,1482122592789653  ,1482122592871248  ,1482122593106528  
571    ,0      ,1482122592619333  ,1482122592780094  ,1482122592870354  ,1482122593178840  
572    ,0      ,1482122592641998  ,1482122592790206  ,1482122592891517  ,1482122593113249  
573    ,0      ,1482122592639336  ,1482122592789924  ,1482122592879401  ,1482122593182774  
574    ,0      ,1482122592639908  ,1482122592790045  ,1482122592885055  ,1482122593106442  
575    ,0      ,1482122592637962  ,1482122592789706  ,1482122592871670  ,1482122593142835  
576    ,0      ,1482122592619774  ,1482122592780401  ,1482122592870766  ,1482122593106481  
577    ,0      ,1482122592642560  ,1482122592790277  ,1482122592891874  ,1482122593103928  
578    ,0      ,1482122592639780  ,1482122592790023  ,1482122592884099  ,1482122593179109  
579    ,0      ,1482122592641120  ,1482122592790105  ,1482122592885532  ,1482122593170736  
580    ,0      ,1482122592638372  ,1482122592789777  ,1482122592871913  ,1482122593169292  
581    ,0      ,1482122592620639  ,1482122592789740  ,1482122592895157  ,1482122593170908  
582    ,0      ,1482122592642990  ,1482122592790338  ,1482122592892329  ,1482122593170841  
583    ,0      ,1482122592640231  ,1482122592790085  ,1482122592885188  ,1482122593140812  
584    ,0      ,1482122592641581  ,1482122592790155  ,1482122592891072  ,1482122593178299  
585    ,0      ,1482122592638734  ,1482122592789839  ,1482122592878584  ,1482122593172486  
586    ,0      ,1482122592638101  ,1482122592789721  ,1482122592871718  ,1482122593170828  
587    ,0      ,1482122592643468  ,1482122592790389  ,1482122592893974  ,1482122593178998  
588    ,0      ,1482122592641459  ,1482122592790135  ,1482122592890931  ,1482122593178307  
589    ,0      ,1482122592642039  ,1482122592790211  ,1482122592891575  ,1482122593142065  
590    ,0      ,1482122592639182  ,1482122592789902  ,1482122592879134  ,1482122593173266  
591    ,0      ,1482122592638443  ,1482122592789789  ,1482122592871991  ,1482122593106458  
592    ,0      ,1482122592649481  ,1482122592790440  ,1482122592894581  ,1482122593141049  
593    ,0      ,1482122592641918  ,1482122592790191  ,1482122592891319  ,1482122593104065  
594    ,0      ,1482122592642617  ,1482122592790296  ,1482122592891952  ,1482122593104031  
595    ,0      ,1482122592639565  ,1482122592790004  ,1482122592883056  ,1482122593104087  
596    ,0      ,1482122592638788  ,1482122592789850  ,1482122592878676  ,1482122593178447  
597    ,0      ,1482122592650270  ,1482122592790492  ,1482122592895025  ,1482122593113371  
598    ,0      ,1482122592642417  ,1482122592790272  ,1482122592891815  ,1482122593172335  
599    ,0      ,1482122592643022  ,1482122592790343  ,1482122592892466  ,1482122593182619  
600    ,0      ,1482122592640015  ,1482122592790063  ,1482122592884957  ,1482122593172448  
601    ,0      ,1482122592639227  ,1482122592789912  ,1482122592879207  ,1482122593172457  
602    ,0      ,1482122592651914  ,1482122592790582  ,1482122592901106  ,1482122593113394  
603    ,0      ,1482122592642892  ,1482122592790323  ,1482122592892237  ,1482122593170773  
604    ,0      ,1482122592643533  ,1482122592790407  ,1482122592894308  ,1482122593141998  
605    ,0      ,1482122592641244  ,1482122592790111  ,1482122592890436  ,1482122593172361  
606    ,0      ,1482122592639673  ,1482122592790018  ,1482122592883569  ,1482122593113267  
607    ,0      ,1482122592652827  ,1482122592791391  ,1482122592901528  ,1482122593115947  
608    ,0      ,1482122592643428  ,1482122592790389  ,1482122592894040  ,1482122593142017  
609    ,0      ,1482122592649494  ,1482122592790461  ,1482122592894659  ,1482122593140893  
610    ,0      ,1482122592641698  ,1482122592790170  ,1482122592891210  ,1482122593142111  
611    ,0      ,1482122592640122  ,1482122592790069  ,1482122592884339  ,1482122593142756  
612    ,0      ,1482122592654625  ,1482122592791432  ,1482122592902068  ,1482122593172316  
613    ,0      ,1482122592649333  ,1482122592790438  ,1482122592894455  ,1482122593172432  
614    ,0      ,1482122592651222  ,1482122592790517  ,1482122592895293  ,1482122593113361  
615    ,0      ,1482122592642155  ,1482122592790249  ,1482122592891643  ,1482122593173246  
616    ,0      ,1482122592641350  ,1482122592790130  ,1482122592890502  ,1482122593182635  
617    ,0      ,1482122592664383  ,1482122592791477  ,1482122592902230  ,1482122593116007  
618    ,0      ,1482122592650248  ,1482122592790497  ,1482122592895094  ,1482122593178265  
619    ,0      ,1482122592652186  ,1482122592791049  ,1482122592901219  ,1482122593140813  
620    ,0      ,1482122592642754  ,1482122592790301  ,1482122592892171  ,1482122593142049  
621    ,0      ,1482122592641807  ,1482122592790175  ,1482122592891165  ,1482122593172428  
622    ,0      ,1482122592664753  ,1482122592791535  ,1482122592902610  ,1482122593106674  
623    ,0      ,1482122592651600  ,1482122592790549  ,1482122592901322  ,1482122593115883  
624    ,0      ,1482122592654108  ,1482122592791414  ,1482122592901678  ,1482122593115966  
625    ,0      ,1482122592643173  ,1482122592790368  ,1482122592893897  ,1482122593172280  
626    ,0      ,1482122592642279  ,1482122592790258  ,1482122592891755  ,1482122593170881  
627    ,0      ,1482122592666040  ,1482122592791589  ,1482122592903238  ,1482122593169779  
628    ,0      ,1482122592652773  ,1482122592791069  ,1482122592901469  ,1482122593172280  
629    ,0      ,1482122592654998  ,1482122592791464  ,1482122592902168  ,1482122593182679  
630    ,0      ,1482122592645002  ,1482122592790426  ,1482122592894371  ,1482122593113340  
631    ,0      ,1482122592642834  ,1482122592790317  ,1482122592892284  ,1482122593113329  
632    ,0      ,1482122592666729  ,1482122592791684  ,1482122592933946  ,1482122593169741  
633    ,0      ,1482122592654530  ,1482122592791433  ,1482122592901726  ,1482122593172315  
634    ,0      ,1482122592664671  ,1482122592791518  ,1482122592902521  ,1482122593140813  
635    ,0      ,1482122592649605  ,1482122592790483  ,1482122592894974  ,1482122593104028  
636    ,0      ,1482122592643269  ,1482122592790363  ,1482122592892522  ,1482122593172408  
637    ,0      ,1482122592673845  ,1482122592792390  ,1482122592938800  ,1482122593170704  
638    ,0      ,1482122592664383  ,1482122592791493  ,1482122592902342  ,1482122593140819  
639    ,0      ,1482122592666015  ,1482122592791572  ,1482122592903166  ,1482122593106699  
640    ,0      ,1482122592651492  ,1482122592790545  ,1482122592901054  ,1482122593172266  
641    ,0      ,1482122592644625  ,1482122592790408  ,1482122592894250  ,1482122593142007  
642    ,0      ,1482122592674890  ,1482122592792460  ,1482122592939748  ,1482122593169725  
643    ,0      ,1482122592664922  ,1482122592791540  ,1482122592902924  ,1482122593116130  
644    ,0      ,1482122592666650  ,1482122592791645  ,1482122592903875  ,1482122593172242  
645    ,0      ,1482122592652778  ,1482122592791380  ,1482122592901388  ,1482122593140828  
646    ,0      ,1482122592649499  ,1482122592790461  ,1482122592894902  ,1482122593141028  
647    ,0      ,1482122592675332  ,1482122592792507  ,1482122592940162  ,1482122593169527  
648    ,0      ,1482122592666176  ,1482122592791595  ,1482122592903545  ,1482122593116139  
649    ,0      ,1482122592667059  ,1482122592791701  ,1482122592934115  ,1482122593172259  
650    ,0      ,1482122592654748  ,1482122592791453  ,1482122592901953  ,1482122593173164  
651    ,0      ,1482122592651214  ,1482122592790522  ,1482122592900988  ,1482122593140838  
652    ,0      ,1482122592675728  ,1482122592792555  ,1482122592940365  ,1482122593172241  
653    ,0      ,1482122592666783  ,1482122592791658  ,1482122592933733  ,1482122593106688  
654    ,0      ,1482122592674135  ,1482122592792409  ,1482122592939583  ,1482122593169863  
655    ,0      ,1482122592664420  ,1482122592791500  ,1482122592902398  ,1482122593116063  
656    ,0      ,1482122592652146  ,1482122592791033  ,1482122592901159  ,1482122593178282  
657    ,0      ,1482122592676048  ,1482122592792598  ,1482122592940544  ,1482122593106714  
658    ,0      ,1482122592673423  ,1482122592791705  ,1482122592934473  ,1482122593178971  
659    ,0      ,1482122592674902  ,1482122592792463  ,1482122592939836  ,1482122593124127  
660    ,0      ,1482122592665037  ,1482122592791556  ,1482122592902981  ,1482122593173357  
661    ,0      ,1482122592653701  ,1482122592791398  ,1482122592901590  ,1482122593170525  
662    ,0      ,1482122592676377  ,1482122592792637  ,1482122592941528  ,1482122593178791  
663    ,0      ,1482122592674211  ,1482122592792428  ,1482122592939569  ,1482122593170682  
664    ,0      ,1482122592675447  ,1482122592792679  ,1482122592941458  ,1482122593169541  
665    ,0      ,1482122592666247  ,1482122592791610  ,1482122592903609  ,1482122593116281  
666    ,0      ,1482122592654865  ,1482122592791469  ,1482122592902113  ,1482122593169832  
667    ,0      ,1482122592677034  ,1482122592792694  ,1482122592941601  ,1482122593134632  
668    ,0      ,1482122592675072  ,1482122592792481  ,1482122592939954  ,1482122593172225  
669    ,0      ,1482122592677297  ,1482122592792731  ,1482122592941903  ,1482122593169588  
670    ,0      ,1482122592666855  ,1482122592791666  ,1482122592933631  ,1482122593170519  
671    ,0      ,1482122592664469  ,1482122592791513  ,1482122592902873  ,1482122593169925  
672    ,0      ,1482122592677394  ,1482122592792749  ,1482122592941994  ,1482122593134656  
673    ,0      ,1482122592675510  ,1482122592792522  ,1482122592940226  ,1482122593169707  
674    ,0      ,1482122592677695  ,1482122592792788  ,1482122592942246  ,1482122593170395  
675    ,0      ,1482122592673742  ,1482122592791722  ,1482122592938688  ,1482122593182572  
676    ,0      ,1482122592665374  ,1482122592791568  ,1482122592903028  ,1482122593169757  
677    ,0      ,1482122592677757  ,1482122592792805  ,1482122592942302  ,1482122593169876  
678    ,0      ,1482122592675834  ,1482122592792562  ,1482122592940437  ,1482122593169665  
679    ,0      ,1482122592678064  ,1482122592792849  ,1482122592942600  ,1482122593173084  
680    ,0      ,1482122592674572  ,1482122592792433  ,1482122592939641  ,1482122593173372  
681    ,0      ,1482122592666423  ,1482122592791615  ,1482122592903693  ,1482122593169781  
682    ,0      ,1482122592678154  ,1482122592792854  ,1482122592942669  ,1482122593173188  
683    ,0      ,1482122592676160  ,1482122592792610  ,1482122592940582  ,1482122593170676  
684    ,0      ,1482122592678523  ,1482122592792897  ,1482122592943007  ,1482122593182605  
685    ,0      ,1482122592675127  ,1482122592792487  ,1482122592940022  ,1482122593169844  
686    ,0      ,1482122592666985  ,1482122592791691  ,1482122592934055  ,1482122593169742  
687    ,0      ,1482122592678697  ,1482122592792920  ,1482122592943128  ,1482122593169957  
688    ,0      ,1482122592676488  ,1482122592792650  ,1482122592940925  ,1482122593172208  
689    ,0      ,1482122592679315  ,1482122592792957  ,1482122592943340  ,1482122593106717  
690    ,0      ,1482122592675566  ,1482122592792533  ,1482122592940296  ,1482122593169725  
691    ,0      ,1482122592673909  ,1482122592792402  ,1482122592939076  ,1482122593106707  
692    ,0      ,1482122592679602  ,1482122592792983  ,1482122592943458  ,1482122593173133  
693    ,0      ,1482122592677114  ,1482122592792715  ,1482122592941757  ,1482122593170445  
694    ,0      ,1482122592679732  ,1482122592793025  ,1482122592943723  ,1482122593173154  
695    ,0      ,1482122592675887  ,1482122592792577  ,1482122592940648  ,1482122593178266  
696    ,0      ,1482122592674829  ,1482122592792448  ,1482122592939689  ,1482122593172227  
697    ,0      ,1482122592680932  ,1482122592793025  ,1482122592943816  ,1482122593170467  
698    ,0      ,1482122592677558  ,1482122592792769  ,1482122592942070  ,1482122593169506  
699    ,0      ,1482122592682573  ,1482122592793070  ,1482122592944099  ,1482122593091388  
700    ,0      ,1482122592676210  ,1482122592792613  ,1482122592940796  ,1482122593169542  
701    ,0      ,1482122592675276  ,1482122592792501  ,1482122592940120  ,1482122593124148  
702    ,0      ,1482122592682531  ,1482122592793064  ,1482122592943993  ,1482122593134767  
703    ,0      ,1482122592677891  ,1482122592792825  ,1482122592942446  ,1482122593172293  
704    ,0      ,1482122592684628  ,1482122592793129  ,1482122592945033  ,1482122593170403  
705    ,0      ,1482122592676547  ,1482122592792656  ,1482122592941304  ,1482122593169621  
706    ,0      ,1482122592675678  ,1482122592792537  ,1482122592940398  ,1482122593173337  
707    ,0      ,1482122592683436  ,1482122592793108  ,1482122592944410  ,1482122593170470  
708    ,0      ,1482122592678342  ,1482122592792876  ,1482122592942867  ,1482122593172187  
709    ,0      ,1482122592686584  ,1482122592793193  ,1482122592945473  ,1482122593170395  
710    ,0      ,1482122592677189  ,1482122592792700  ,1482122592941695  ,1482122593172166  
711    ,0      ,1482122592675998  ,1482122592792582  ,1482122592940471  ,1482122593169703  
712    ,0      ,1482122592686376  ,1482122592793157  ,1482122592945198  ,1482122593170102  
713    ,0      ,1482122592678852  ,1482122592792936  ,1482122592943230  ,1482122593171747  
714    ,0      ,1482122592688593  ,1482122592793251  ,1482122592945858  ,1482122593171769  
715    ,0      ,1482122592677494  ,1482122592792755  ,1482122592942121  ,1482122593172208  
716    ,0      ,1482122592676320  ,1482122592792631  ,1482122592940845  ,1482122593131365  
717    ,0      ,1482122592688129  ,1482122592793224  ,1482122592945658  ,1482122593178282  
718    ,0      ,1482122592679632  ,1482122592792983  ,1482122592943603  ,1482122593171747  
719    ,0      ,1482122592690370  ,1482122592793310  ,1482122592946480  ,1482122593106751  
720    ,0      ,1482122592677834  ,1482122592792811  ,1482122592942379  ,1482122593178270  
721    ,0      ,1482122592676640  ,1482122592792674  ,1482122592941352  ,1482122593131401  
722    ,0      ,1482122592689070  ,1482122592793288  ,1482122592946028  ,1482122593172167  
723    ,0      ,1482122592682323  ,1482122592793044  ,1482122592943854  ,1482122593050710  
724    ,0      ,1482122592692025  ,1482122592793354  ,1482122592946646  ,1482122593134786  
725    ,0      ,1482122592678205  ,1482122592792871  ,1482122592942733  ,1482122593173073  
726    ,0      ,1482122592677214  ,1482122592792728  ,1482122592941828  ,1482122593182597  
727    ,0      ,1482122592691633  ,1482122592793327  ,1482122592946332  ,1482122593135015  
728    ,0      ,1482122592682669  ,1482122592793085  ,1482122592944172  ,1482122593173154  
729    ,0      ,1482122592692400  ,1482122592793419  ,1482122592946996  ,1482122593134900  
730    ,0      ,1482122592678722  ,1482122592792916  ,1482122592943054  ,1482122593170613  
731    ,0      ,1482122592677622  ,1482122592792783  ,1482122592942172  ,1482122593169937  
732    ,0      ,1482122592692277  ,1482122592793375  ,1482122592946813  ,1482122593134981  
733    ,0      ,1482122592685081  ,1482122592793140  ,1482122592945137  ,1482122593173140  
734    ,0      ,1482122592693049  ,1482122592793466  ,1482122592947305  ,1482122593091471  
735    ,0      ,1482122592679549  ,1482122592792971  ,1482122592943380  ,1482122593134684  
736    ,0      ,1482122592678015  ,1482122592792830  ,1482122592942507  ,1482122593173391  
737    ,0      ,1482122592692828  ,1482122592793437  ,1482122592947079  ,1482122593170435  
738    ,0      ,1482122592687289  ,1482122592793224  ,1482122592945735  ,1482122593134910  
739    ,0      ,1482122592697426  ,1482122592793981  ,1482122592947693  ,1482122593139982  
740    ,0      ,1482122592680576  ,1482122592793007  ,1482122592943661  ,1482122593178530  
741    ,0      ,1482122592678468  ,1482122592792891  ,1482122592942926  ,1482122593169790  
742    ,0      ,1482122592696154  ,1482122592793930  ,1482122592947587  ,1482122593173359  
743    ,0      ,1482122592688857  ,1482122592793273  ,1482122592946101  ,1482122593171308  
744    ,0      ,1482122592699496  ,1482122592794108  ,1482122592948265  ,1482122593106852  
745    ,0      ,1482122592682431  ,1482122592793056  ,1482122592943928  ,1482122593106830  
746    ,0      ,1482122592679259  ,1482122592792941  ,1482122592943279  ,1482122593173231  
747    ,0      ,1482122592697848  ,1482122592794026  ,1482122592947913  ,1482122593050874  
748    ,0      ,1482122592691497  ,1482122592793333  ,1482122592946563  ,1482122593173147  
749    ,0      ,1482122592700274  ,1482122592794183  ,1482122592949336  ,1482122593140041  
750    ,0      ,1482122592683224  ,1482122592793115  ,1482122592944330  ,1482122593134827  
751    ,0      ,1482122592679688  ,1482122592793002  ,1482122592943533  ,1482122593134724  
752    ,0      ,1482122592699408  ,1482122592794067  ,1482122592948131  ,1482122593134991  
753    ,0      ,1482122592692330  ,1482122592793390  ,1482122592946882  ,1482122593173171  
754    ,0      ,1482122592700914  ,1482122592794301  ,1482122592949699  ,1482122593134673  
755    ,0      ,1482122592686529  ,1482122592793189  ,1482122592945395  ,1482122593134707  
756    ,0      ,1482122592682426  ,1482122592793085  ,1482122592944263  ,1482122593134749  
757    ,0      ,1482122592699996  ,1482122592794155  ,1482122592949273  ,1482122593171353  
758    ,0      ,1482122592692941  ,1482122592793490  ,1482122592947360  ,1482122593135014  
759    ,0      ,1482122592701573  ,1482122592794405  ,1482122592950191  ,1482122593124124  
760    ,0      ,1482122592688461  ,1482122592793245  ,1482122592945799  ,1482122593169986  
761    ,0      ,1482122592684780  ,1482122592793145  ,1482122592945291  ,1482122593171731  
762    ,0      ,1482122592700785  ,1482122592794218  ,1482122592949508  ,1482122593134951  
763    ,0      ,1482122592697688  ,1482122592794004  ,1482122592947845  ,1482122593173280  
764    ,0      ,1482122592702058  ,1482122592794453  ,1482122592950579  ,1482122593091433  
765    ,0      ,1482122592690101  ,1482122592793302  ,1482122592946172  ,1482122593134879  
766    ,0      ,1482122592686716  ,1482122592793214  ,1482122592945564  ,1482122593106742  
767    ,0      ,1482122592701313  ,1482122592794349  ,1482122592949849  ,1482122593106810  
768    ,0      ,1482122592699408  ,1482122592794127  ,1482122592948339  ,1482122593134632  
769    ,0      ,1482122592702394  ,1482122592794497  ,1482122592950937  ,1482122593090942  
770    ,0      ,1482122592691847  ,1482122592793349  ,1482122592946419  ,1482122593140841  
771    ,0      ,1482122592688754  ,1482122592793267  ,1482122592945954  ,1482122593170081  
772    ,0      ,1482122592701744  ,1482122592794432  ,1482122592950258  ,1482122593091669  
773    ,0      ,1482122592700377  ,1482122592794201  ,1482122592949438  ,1482122593171153  
774    ,0      ,1482122592702660  ,1482122592794564  ,1482122592951146  ,1482122593178586  
775    ,0      ,1482122592692396  ,1482122592793403  ,1482122592946957  ,1482122593173125  
776    ,0      ,1482122592691269  ,1482122592793310  ,1482122592946261  ,1482122593170588  
777    ,0      ,1482122592702183  ,1482122592794476  ,1482122592950614  ,1482122593139982  
778    ,0      ,1482122592700990  ,1482122592794319  ,1482122592949763  ,1482122593140112  
779    ,0      ,1482122592703028  ,1482122592794619  ,1482122592951648  ,1482122593106784  
780    ,0      ,1482122592692984  ,1482122592793459  ,1482122592947217  ,1482122593134966  
781    ,0      ,1482122592692181  ,1482122592793369  ,1482122592946728  ,1482122593091411  
782    ,0      ,1482122592702534  ,1482122592794533  ,1482122592951229  ,1482122593171070  
783    ,0      ,1482122592701688  ,1482122592794426  ,1482122592950359  ,1482122593140144  
784    ,0      ,1482122592703482  ,1482122592794678  ,1482122592952136  ,1482122593140071  
785    ,0      ,1482122592697330  ,1482122592793943  ,1482122592947530  ,1482122593134997  
786    ,0      ,1482122592692797  ,1482122592793437  ,1482122592947150  ,1482122593171764  
787    ,0      ,1482122592702808  ,1482122592794598  ,1482122592951483  ,1482122593091173  
788    ,0      ,1482122592702121  ,1482122592794470  ,1482122592950477  ,1482122593172766  
789    ,0      ,1482122592703944  ,1482122592794722  ,1482122592953153  ,1482122593140010  
790    ,0      ,1482122592698553  ,1482122592794057  ,1482122592948044  ,1482122593091836  
791    ,0      ,1482122592695969  ,1482122592793913  ,1482122592947454  ,1482122593169993  
792    ,0      ,1482122592703321  ,1482122592794651  ,1482122592951827  ,1482122593140230  
793    ,0      ,1482122592702468  ,1482122592794519  ,1482122592950803  ,1482122593106779  
794    ,0      ,1482122592704506  ,1482122592794768  ,1482122592953526  ,1482122593140083  
795    ,0      ,1482122592699424  ,1482122592794088  ,1482122592948205  ,1482122593170576  
796    ,0      ,1482122592697831  ,1482122592793988  ,1482122592947769  ,1482122593106732  
797    ,0      ,1482122592703757  ,1482122592794703  ,1482122592952337  ,1482122593140280  
798    ,0      ,1482122592702746  ,1482122592794577  ,1482122592951315  ,1482122593134924  
799    ,0      ,1482122592704900  ,1482122592794819  ,1482122592953907  ,1482122593091024  
800    ,0      ,1482122592700200  ,1482122592794166  ,1482122592949193  ,1482122593170419  
801    ,0      ,1482122592699387  ,1482122592794046  ,1482122592947976  ,1482122593172896  
802    ,0      ,1482122592704275  ,1482122592794744  ,1482122592953348  ,1482122593090803  
803    ,0      ,1482122592703184  ,1482122592794636  ,1482122592951747  ,1482122593171354  
804    ,0      ,1482122592705288  ,1482122592794873  ,1482122592954518  ,1482122593140433  
805    ,0      ,1482122592700850  ,1482122592794283  ,1482122592949598  ,1482122593140066  
806    ,0      ,1482122592699996  ,1482122592794140  ,1482122592949150  ,1482122593140023  
807    ,0      ,1482122592704763  ,1482122592794803  ,1482122592953727  ,1482122593170496  
808    ,0      ,1482122592703702  ,1482122592794696  ,1482122592952188  ,1482122593172750  
809    ,0      ,1482122592712590  ,1482122592794929  ,1482122592954924  ,1482122593050732  
810    ,0      ,1482122592701446  ,1482122592794401  ,1482122592950122  ,1482122593170534  
811    ,0      ,1482122592700639  ,1482122592794264  ,1482122592949544  ,1482122593106757  
812    ,0      ,1482122592705122  ,1482122592794846  ,1482122592954362  ,1482122593092463  
813    ,0      ,1482122592704105  ,1482122592794782  ,1482122592953596  ,1482122593140263  
814    ,0      ,1482122592712923  ,1482122592794986  ,1482122592955178  ,1482122593179211  
815    ,0      ,1482122592701955  ,1482122592794446  ,1482122592950418  ,1482122593170403  
816    ,0      ,1482122592701367  ,1482122592794392  ,1482122592950054  ,1482122593140127  
817    ,0      ,1482122592705427  ,1482122592794885  ,1482122592954566  ,1482122593172850  
818    ,0      ,1482122592704959  ,1482122592794838  ,1482122592953787  ,1482122593140307  
819    ,0      ,1482122592713676  ,1482122592795380  ,1482122592955839  ,1482122593178607  
820    ,0      ,1482122592702326  ,1482122592794491  ,1482122592950669  ,1482122593140186  
821    ,0      ,1482122592701807  ,1482122592794512  ,1482122592950867  ,1482122593140211  
822    ,0      ,1482122592712701  ,1482122592794948  ,1482122592955106  ,1482122593134806  
823    ,0      ,1482122592705365  ,1482122592794904  ,1482122592954675  ,1482122593124151  
824    ,0      ,1482122592714198  ,1482122592795460  ,1482122592956154  ,1482122593178925  
825    ,0      ,1482122592702599  ,1482122592794539  ,1482122592951009  ,1482122593131365  
826    ,0      ,1482122592702660  ,1482122592794557  ,1482122592951070  ,1482122593091287  
827    ,0      ,1482122592713077  ,1482122592794996  ,1482122592955260  ,1482122593182463  
828    ,0      ,1482122592712750  ,1482122592794961  ,1482122592954970  ,1482122593182844  
829    ,0      ,1482122592714607  ,1482122592795599  ,1482122592957142  ,1482122593179277  
830    ,0      ,1482122592702864  ,1482122592794584  ,1482122592951409  ,1482122593124095  
831    ,0      ,1482122592702978  ,1482122592794603  ,1482122592951546  ,1482122593091879  
832    ,0      ,1482122592713713  ,1482122592795027  ,1482122592955540  ,1482122593171369  
833    ,0      ,1482122592713196  ,1482122592795016  ,1482122592955408  ,1482122593171166  
834    ,0      ,1482122592742525  ,1482122592795626  ,1482122592957434  ,1482122593182943  
835    ,0      ,1482122592703264  ,1482122592794672  ,1482122592952067  ,1482122593091139  
836    ,0      ,1482122592703374  ,1482122592794656  ,1482122592951908  ,1482122593131429  
837    ,0      ,1482122592713993  ,1482122592795403  ,1482122592955972  ,1482122593171413  
838    ,0      ,1482122592713812  ,1482122592795350  ,1482122592955683  ,1482122593171293  
839    ,0      ,1482122592777405  ,1482122592844326  ,1482122592968747  ,1482122593171445  
840    ,0      ,1482122592703905  ,1482122592794738  ,1482122592953201  ,1482122593172905  
841    ,0      ,1482122592703826  ,1482122592794717  ,1482122592952397  ,1482122593091965  
842    ,0      ,1482122592714349  ,1482122592795469  ,1482122592956250  ,1482122593182499  
843    ,0      ,1482122592714120  ,1482122592795441  ,1482122592956075  ,1482122593172956  
844    ,0      ,1482122592842605  ,1482122592848457  ,1482122592973666  ,1482122593182607  
845    ,0      ,1482122592704691  ,1482122592794789  ,1482122592953658  ,1482122593090791  
846    ,0      ,1482122592704449  ,1482122592794762  ,1482122592953390  ,1482122593103805  
847    ,0      ,1482122592739287  ,1482122592795526  ,1482122592956483  ,1482122593182545  
848    ,0      ,1482122592714505  ,1482122592795544  ,1482122592956550  ,1482122593090709  
849    ,0      ,1482122592845600  ,1482122592848719  ,1482122592974905  ,1482122593089229  
850    ,0      ,1482122592705057  ,1482122592794911  ,1482122592954781  ,1482122593171296  
851    ,0      ,1482122592704839  ,1482122592794816  ,1482122592954294  ,1482122593140098  
852    ,0      ,1482122592740168  ,1482122592795607  ,1482122592957216  ,1482122593182755  
853    ,0      ,1482122592742263  ,1482122592795619  ,1482122592957273  ,1482122593090697  
854    ,0      ,1482122592847389  ,1482122592848645  ,1482122592974775  ,1482122593172875  
855    ,0      ,1482122592712874  ,1482122592794962  ,1482122592955048  ,1482122593103829  
856    ,0      ,1482122592705176  ,1482122592794859  ,1482122592954476  ,1482122593140061  
857    ,0      ,1482122592758913  ,1482122592844223  ,1482122592968662  ,1482122593182560  
858    ,0      ,1482122592759399  ,1482122592844307  ,1482122592968867  ,1482122593090331  
859    ,0      ,1482122592847876  ,1482122592883180  ,1482122592982203  ,1482122593178777  
860    ,0      ,1482122592713324  ,1482122592795052  ,1482122592955747  ,1482122593179244  
861    ,0      ,1482122592705499  ,1482122592794885  ,1482122592954716  ,1482122593090934  
862    ,0      ,1482122592833857  ,1482122592848470  ,1482122592973753  ,1482122593180481  
863    ,0      ,1482122592834028  ,1482122592848408  ,1482122592973587  ,1482122593179312  
864    ,0      ,1482122592869825  ,1482122592883658  ,1482122592982632  ,1482122593178751  
865    ,0      ,1482122592713817  ,1482122592795380  ,1482122592955898  ,1482122593182532  
866    ,0      ,1482122592712660  ,1482122592794929  ,1482122592954843  ,1482122593140553  
867    ,0      ,1482122592845632  ,1482122592848571  ,1482122592974007  ,1482122593090325  
868    ,0      ,1482122592845449  ,1482122592848531  ,1482122592973869  ,1482122593182900  
869    ,0      ,1482122592879933  ,1482122592883724  ,1482122592983098  ,1482122593182675  
870    ,0      ,1482122592714187  ,1482122592795485  ,1482122592956354  ,1482122593172840  
871    ,0      ,1482122592712948  ,1482122592795001  ,1482122592955322  ,1482122593179283  
872    ,0      ,1482122592847363  ,1482122592848634  ,1482122592974449  ,1482122593171277  
873    ,0      ,1482122592847340  ,1482122592848610  ,1482122592974165  ,1482122593172930  
874    ,0      ,1482122592880273  ,1482122592883794  ,1482122592983469  ,1482122593113267  
875    ,0      ,1482122592739380  ,1482122592795569  ,1482122592956623  ,1482122593179291  
876    ,0      ,1482122592713750  ,1482122592795330  ,1482122592955620  ,1482122593182467  
877    ,0      ,1482122592847739  ,1482122592869584  ,1482122592978034  ,1482122593171458  
878    ,0      ,1482122592847607  ,1482122592848667  ,1482122592974588  ,1482122593179368  
879    ,0      ,1482122592880662  ,1482122592883883  ,1482122592983905  ,1482122593113381  
880    ,0      ,1482122592742702  ,1482122592795636  ,1482122592957347  ,1482122593171275  
881    ,0      ,1482122592714027  ,1482122592795409  ,1482122592956031  ,1482122593179368  
882    ,0      ,1482122592867786  ,1482122592882946  ,1482122592981956  ,1482122593182786  
883    ,0      ,1482122592848009  ,1482122592884123  ,1482122592985440  ,1482122593115914  
884    ,0      ,1482122592881183  ,1482122592884919  ,1482122592985714  ,1482122593171617  
885    ,0      ,1482122592777633  ,1482122592847404  ,1482122592970120  ,1482122593182911  
886    ,0      ,1482122592714407  ,1482122592795507  ,1482122592956411  ,1482122593179264  
887    ,0      ,1482122592869710  ,1482122592883613  ,1482122592982352  ,1482122593171337  
888    ,0      ,1482122592869755  ,1482122592883627  ,1482122592982412  ,1482122593172960  
889    ,0      ,1482122592883200  ,1482122592933879  ,1482122592992375  ,1482122593173290  
890    ,0      ,1482122592845445  ,1482122592848518  ,1482122592973805  ,1482122593090425  
891    ,0      ,1482122592739746  ,1482122592795589  ,1482122592956678  ,1482122593182581  
892    ,0      ,1482122592879763  ,1482122592883711  ,1482122592983162  ,1482122593182448  
893    ,0      ,1482122592879772  ,1482122592883672  ,1482122592982702  ,1482122593182397  
894    ,0      ,1482122592904571  ,1482122592934360  ,1482122592993612  ,1482122593116027  
895    ,0      ,1482122592847329  ,1482122592848598  ,1482122592974090  ,1482122593182664  
896    ,0      ,1482122592744459  ,1482122592798200  ,1482122592958281  ,1482122593182264  
897    ,0      ,1482122592880214  ,1482122592883781  ,1482122592983408  ,1482122593171478  
898    ,0      ,1482122592879966  ,1482122592883737  ,1482122592983349  ,1482122593173062  
899    ,0      ,1482122592904942  ,1482122592934484  ,1482122592993830  ,1482122593088513  
900    ,0      ,1482122592847537  ,1482122592848656  ,1482122592974553  ,1482122593182969  
901    ,0      ,1482122592799107  ,1482122592844347  ,1482122592968796  ,1482122593179303  
902    ,0      ,1482122592880599  ,1482122592883848  ,1482122592983739  ,1482122593178996  
903    ,0      ,1482122592880375  ,1482122592883807  ,1482122592983579  ,1482122593115977  
904    ,0      ,1482122592905125  ,1482122592938655  ,1482122592994115  ,1482122593088343  
905    ,0      ,1482122592847938  ,1482122592883164  ,1482122592982093  ,1482122593182409  
906    ,0      ,1482122592845113  ,1482122592848484  ,1482122592973939  ,1482122593179350  
907    ,0      ,1482122592880950  ,1482122592883894  ,1482122592983939  ,1482122593171597  
908    ,0      ,1482122592880735  ,1482122592883859  ,1482122592983649  ,1482122593171373  
909    ,0      ,1482122592905408  ,1482122592938680  ,1482122592994250  ,1482122593088296  
910    ,0      ,1482122592869731  ,1482122592883645  ,1482122592982507  ,1482122593171475  
911    ,0      ,1482122592845635  ,1482122592848586  ,1482122592974288  ,1482122593089243  
912    ,0      ,1482122592882815  ,1482122592884928  ,1482122592985790  ,1482122593088914  
913    ,0      ,1482122592881080  ,1482122592884903  ,1482122592985580  ,1482122593171396  
914    ,0      ,1482122592905771  ,1482122592938815  ,1482122592994637  ,1482122593178829  
915    ,0      ,1482122592879852  ,1482122592883685  ,1482122592982855  ,1482122593172886  
916    ,0      ,1482122592847348  ,1482122592848620  ,1482122592974348  ,1482122593179336  
917    ,0      ,1482122592883253  ,1482122592933794  ,1482122592992091  ,1482122593116051  
918    ,0      ,1482122592883023  ,1482122592884942  ,1482122592986806  ,1482122593171445  
919    ,0      ,1482122592906545  ,1482122592938879  ,1482122592994863  ,1482122593171700  
920    ,0      ,1482122592880059  ,1482122592883751  ,1482122592983200  ,1482122593182887  
921    ,0      ,1482122592847682  ,1482122592848679  ,1482122592974674  ,1482122593173331  
922    ,0      ,1482122592885219  ,1482122592933844  ,1482122592992205  ,1482122593115994  
923    ,0      ,1482122592883417  ,1482122592933846  ,1482122592992260  ,1482122593088756  
924    ,0      ,1482122592917223  ,1482122592938962  ,1482122592995198  ,1482122593173070  
925    ,0      ,1482122592880441  ,1482122592883820  ,1482122592983520  ,1482122593113289  
926    ,0      ,1482122592848076  ,1482122592883173  ,1482122592982141  ,1482122593182977  
927    ,0      ,1482122592904304  ,1482122592933922  ,1482122592993284  ,1482122593171449  
928    ,0      ,1482122592904414  ,1482122592938669  ,1482122592994060  ,1482122593116238  
929    ,0      ,1482122592917950  ,1482122592939020  ,1482122592995437  ,1482122593087977  
930    ,0      ,1482122592880820  ,1482122592883871  ,1482122592983800  ,1482122593113387  
931    ,0      ,1482122592869740  ,1482122592883698  ,1482122592982958  ,1482122593171371  
932    ,0      ,1482122592904803  ,1482122592934385  ,1482122592993668  ,1482122593088543  
933    ,0      ,1482122592905468  ,1482122592938709  ,1482122592994359  ,1482122593171650  
934    ,0      ,1482122592918641  ,1482122592939058  ,1482122592995716  ,1482122593179089  
935    ,0      ,1482122592881134  ,1482122592884913  ,1482122592985654  ,1482122593172914  
936    ,0      ,1482122592880115  ,1482122592883768  ,1482122592983269  ,1482122593184373  
937    ,0      ,1482122592904991  ,1482122592938628  ,1482122592993947  ,1482122593116202  
938    ,0      ,1482122592905885  ,1482122592938830  ,1482122592994695  ,1482122593171562  
939    ,0      ,1482122592919285  ,1482122592939198  ,1482122592996754  ,1482122593087024  
940    ,0      ,1482122592883082  ,1482122592884948  ,1482122592986666  ,1482122593115956  
941    ,0      ,1482122592880498  ,1482122592883836  ,1482122592983615  ,1482122593113317  
942    ,0      ,1482122592905245  ,1482122592938790  ,1482122592994527  ,1482122593088010  
943    ,0      ,1482122592906701  ,1482122592938909  ,1482122592995027  ,1482122593180380  
944    ,0      ,1482122592919819  ,1482122592939704  ,1482122592997179  ,1482122593179041  
945    ,0      ,1482122592883542  ,1482122592933860  ,1482122592992318  ,1482122593171631  
946    ,0      ,1482122592881017  ,1482122592884966  ,1482122592986886  ,1482122593173036  
947    ,0      ,1482122592906323  ,1482122592938880  ,1482122592994971  ,1482122593179210  
948    ,0      ,1482122592917465  ,1482122592938990  ,1482122592995322  ,1482122593179007  
949    ,0      ,1482122592920282  ,1482122592939863  ,1482122592997456  ,1482122593173128  
950    ,0      ,1482122592904314  ,1482122592933982  ,1482122592993455  ,1482122593172930  
951    ,0      ,1482122592882867  ,1482122592884935  ,1482122592986621  ,1482122593178863  
952    ,0      ,1482122592916976  ,1482122592938940  ,1482122592995142  ,1482122593171574  
953    ,0      ,1482122592918192  ,1482122592939036  ,1482122592995549  ,1482122593087923  
954    ,0      ,1482122592923734  ,1482122592939921  ,1482122592997683  ,1482122593171680  
955    ,0      ,1482122592904926  ,1482122592934458  ,1482122592993773  ,1482122593171672  
956    ,0      ,1482122592883367  ,1482122592933820  ,1482122592992148  ,1482122593088919  
957    ,0      ,1482122592917693  ,1482122592939009  ,1482122592995379  ,1482122593179195  
958    ,0      ,1482122592918880  ,1482122592939152  ,1482122592995941  ,1482122593179097  
959    ,0      ,1482122592925889  ,1482122592940060  ,1482122592997952  ,1482122593183000  
960    ,0      ,1482122592905054  ,1482122592938637  ,1482122592993888  ,1482122593171453  
961    ,0      ,1482122592904121  ,1482122592933895  ,1482122592993403  ,1482122593088690  
962    ,0      ,1482122592918448  ,1482122592939043  ,1482122592995604  ,1482122593179047  
963    ,0      ,1482122592919448  ,1482122592939217  ,1482122592996915  ,1482122593173053  
964    ,0      ,1482122592926472  ,1482122592940182  ,1482122592998217  ,1482122593173085  
965    ,0      ,1482122592905309  ,1482122592938672  ,1482122592994172  ,1482122593182279  
966    ,0      ,1482122592905288  ,1482122592938665  ,1482122592994004  ,1482122593182827  
967    ,0      ,1482122592919095  ,1482122592939186  ,1482122592996695  ,1482122593179194  
968    ,0      ,1482122592919961  ,1482122592939722  ,1482122592997296  ,1482122593086993  
969    ,0      ,1482122592926943  ,1482122592940317  ,1482122592998511  ,1482122593065488  
970    ,0      ,1482122592905697  ,1482122592938751  ,1482122592994471  ,1482122593179324  
971    ,0      ,1482122592905639  ,1482122592938735  ,1482122592994415  ,1482122593173003  
972    ,0      ,1482122592919659  ,1482122592939681  ,1482122592997073  ,1482122593173280  
973    ,0      ,1482122592923371  ,1482122592939815  ,1482122592997513  ,1482122593171597  
974    ,0      ,1482122592927304  ,1482122592940373  ,1482122592998683  ,1482122593182490  
975    ,0      ,1482122592906303  ,1482122592938858  ,1482122592994750  ,1482122593172975  
976    ,0      ,1482122592906012  ,1482122592938858  ,1482122592994807  ,1482122593179226  
977    ,0      ,1482122592920080  ,1482122592939766  ,1482122592997353  ,1482122593179033  
978    ,0      ,1482122592923589  ,1482122592939903  ,1482122592997626  ,1482122593179020  
979    ,0      ,1482122592927486  ,1482122592940479  ,1482122592998937  ,1482122593173114  
980    ,0      ,1482122592906910  ,1482122592938925  ,1482122592995084  ,1482122593179020  
981    ,0      ,1482122592906653  ,1482122592938895  ,1482122592994918  ,1482122593179341  
982    ,0      ,1482122592923389  ,1482122592939898  ,1482122592997570  ,1482122593182537  
983    ,0      ,1482122592925605  ,1482122592940052  ,1482122592997895  ,1482122593171613  
984    ,0      ,1482122592927610  ,1482122592940573  ,1482122592998993  ,1482122593182859  
985    ,0      ,1482122592917561  ,1482122592939090  ,1482122592995822  ,1482122593182875  
986    ,0      ,1482122592917349  ,1482122592938973  ,1482122592995265  ,1482122593171665  
987    ,0      ,1482122592923916  ,1482122592939923  ,1482122592997783  ,1482122593182994  
988    ,0      ,1482122592926308  ,1482122592940177  ,1482122592998162  ,1482122593077500  
989    ,0      ,1482122592927732  ,1482122592940681  ,1482122592999148  ,1482122593182759  
990    ,0      ,1482122592918308  ,1482122592939043  ,1482122592995660  ,1482122593172998  
991    ,0      ,1482122592918078  ,1482122592939026  ,1482122592995493  ,1482122593179355  
992    ,0      ,1482122592926120  ,1482122592940152  ,1482122592998058  ,1482122593171712  
993    ,0      ,1482122592926811  ,1482122592940314  ,1482122592998453  ,1482122593179017  
994    ,0      ,1482122592927864  ,1482122592940682  ,1482122592999209  ,1482122593173077  
995    ,0      ,1482122592918971  ,1482122592939167  ,1482122592995999  ,1482122593087607  
996    ,0      ,1482122592918753  ,1482122592939136  ,1482122592995880  ,1482122593171583  
997    ,0      ,1482122592926670  ,1482122592940305  ,1482122592998391  ,1482122593171637  
998    ,0      ,1482122592927181  ,1482122592940354  ,1482122592998578  ,1482122593178762  
999    ,0      ,1482122592927986  ,1482122592940689  ,1482122592999262  ,1482122593065284  
1000   ,0      ,1482122592919538  ,1482122592939216  ,1482122592996808  ,1482122593171731  
